Date,Team,Name,Pos,Age,Service Time,Transaction Details,2024 WAR,2025 WAR
5-May,BOS,John Holobetz,SP,22,,"Acquired from Brewers (PTBNL, 5/5/25) with OF Yophery Rodriguez, and 2025 Competitive Balance Round A draft pick for SP Quinn Priester",,
21-Apr,ATL,Scott Blewett,RP,29,0.102,Acquired from Orioles for cash,0.1,-0.5
21-Apr,CHC,Drew Pomeranz,RP,36,11.021,Acquired from Mariners for cash,,0.7
21-Apr,MIL,Cesar Espinal,SP,19,,"Acquired from Royals (PTBNL, 3/21/25) for OF/1B Mark Canha",,
16-Apr,MIN,Jonah Bride,INF,29,1.137,Acquired from Marlins for cash,1.1,-0.8
16-Apr,PIT,Brett Sullivan,C,31,0.11,Acquired from Padres for OF Bryce Johnson and cash,-0.1,0.1
16-Apr,SDP,Bryce Johnson,OF,29,0.164,Acquired with cash from Pirates for C Brett Sullivan,0,0.7
11-Apr,ATL,Patrick Halligan,RP,25,,"Acquired from Braves (PTBNL, 4/11) for RP Rafael Montero and cash",,
10-Apr,CHC,Tom Cosgrove,RP,29,1.085,Acquired from Padres for cash,-0.2,0.1
8-Apr,ATL,Rafael Montero,RP,34,8.095,"Acquired with cash from Astros for PTBNL (RP Patrick Halligan, 4/11)",-0.9,0.1
8-Apr,CLE,Cody Bolton,RP,27,0.148,Acquired from Mariners for cash,-0.1,0
7-Apr,BAL,Grant Wolfram,RP,28,,Acquired from Brewers for OF Daz Cameron and cash,,0.2
7-Apr,BOS,Yophery Rodriguez,OF,19,,"Acquired from Brewers with 2025 Competitive Balance Round A draft pick and PTBNL (SP John Holobetz, 5/5/25) for SP Quinn Priester",,
7-Apr,MIL,Daz Cameron,OF,28,1.162,Acquired with cash for RP Grant Wolfram,-0.4,-0.1
7-Apr,MIL,Quinn Priester,SP,24,0.134,"Acquired from Red Sox for OF Yophery Rodriguez, 2025 Competitive Balance Round A draft pick, and PTBNL (SP John Holobetz, 5/5/25)",0.1,1.9
3-Apr,ATL,Jason Delay,C,30,2.005,Acquired from Pirates for cash,0.1,
2-Apr,ATH,Carlos Duran,SP,23,,Acquired from Dodgers for OF Esteury Ruiz,,0
2-Apr,LAD,Esteury Ruiz,OF,26,2.029,Acquired from Athletics for SP Carlos Duran,-0.2,0
1-Apr,ATL,Michael Petersen,RP,31,0.053,Acquired from Angels for cash,-0.2,0
1-Apr,HOU,Nick Robertson,RP,26,0.141,Acquired from Blue Jays for SP Edinson Batista,0,
1-Apr,TOR,Edinson Batista,SP,23,,Acquired from Astros for RP Nick Robertson,,
31-Mar,ATL,Stuart Fairchild,OF,29,2.114,Acquired from Reds for cash,0.3,0
31-Mar,LAA,Jake Eder,SP,26,0.018,Acquired from White Sox for cash,0,-0.1
31-Mar,PIT,Alexander Canario,OF,25,0.062,Acquired from Mets for cash,0.2,-0.5
29-Mar,BAL,Cody Poteet,SP,30,2.095,Acquired from Cubs for cash,0.2,0
28-Mar,DET,Brewer Hicklen,OF,29,0.038,Acquired from Brewers for cash,-0.2,0.2
27-Mar,LAD,Noah Davis,SP/RP,28,0.129,Acquired from Red Sox for cash,0,-0.7
26-Mar,COL,Mickey Moniak,OF,27,3.027,Agreed to one-year contract (2025),0.1,0.6
26-Mar,MIA,Tyler Phillips,SP/RP,27,0.048,Acquired from Phillies for cash,-0.1,0.1
25-Mar,ARI,Jalen Beeks,RP,31,6.003,Agreed to one-year contract (2025),0.6,0.2
25-Mar,LAA,Nicky Lopez,INF,30,5.139,Agreed to one-year contract (2025),0.9,-0.3
24-Mar,NYY,Ryan Yarbrough,SP/RP,33,6.117,Agreed to one-year contract (2025),0,0.1
23-Mar,ATL,José Suarez,SP/RP,27,4.022,Acquired from Angels for SP Ian Anderson,0.1,0.2
23-Mar,DET,Manuel Margot,OF,30,8.012,Agreed to one-year contract (2025),-0.2,-0.1
23-Mar,LAA,Ian Anderson,SP,27,2.046,Aquired from Braves for SP/RP Jose Suarez,,-0.1
22-Mar,CLE,Nolan Jones,OF,27,2.007,Acquired from Rockies for INF/OF Tyler Freeman,-0.8,-0.4
22-Mar,COL,Tyler Freeman,INF/OF,26,2.046,Acquired from Guardians for OF Nolan Jones,0.4,-0.7
21-Mar,BAL,Kyle Gibson,SP,37,11.039,Agreed to one-year contract (2025),1.4,-0.6
21-Mar,KCR,Mark Canha,OF/1B,36,9.092,"Acquired from Brewers for PTBNL (SP Cesar Espinal, 4/21/25)",0.8,-0.7
21-Mar,LAA,Carl Edwards Jr.,RP,33,7.004,Agreed to Minor League contract (2025),0,0
20-Mar,ATL,Alex Verdugo,OF,29,6.078,Agreed to one-year contract (2025),0.6,-0.9
20-Mar,NYM,Billy McKinney,OF/1B,30,3.108,Agreed to Minor League contract (2025),0,-0.2
18-Mar,ATL,Craig Kimbrel,RP,37,13.161,Agreed to Minor League contract (2025),0.2,0
18-Mar,TEX,Patrick Corbin,SP,35,12.105,Agreed to one-year contract (2025),1.7,1.9
18-Mar,TOR,Justin Bruihl,RP,28,1.071,Agreed to Minor League contract (2025),0,0
17-Mar,ATL,James McCann,C,35,10.028,Agreed to Minor League contract (2025),0.1,0.7
17-Mar,LAA,Angel Perdomo,RP,31,2.131,Acquired from Braves for cash or PTBNL,,0
15-Mar,MIA,Seth Martinez,RP,30,2.077,Claimed off waivers from Mariners,-0.2,-0.1
13-Mar,DET,Bailey Horn,RP,27,0.06,Acquired from Cardinals for cash,-0.5,0
13-Mar,STL,Phil Maton,RP,32,7.047,Agreed to one-year contract (2025),0.1,1.5
12-Mar,CHW,Travis Jankowski,OF,34,7.153,Agreed to Minor League contract (2025),-0.2,0
12-Mar,TEX,Hunter Strickland,RP,36,8.033,Agreed to Minor League contract (2025),0.2,0
8-Mar,DET,José Urquidy,SP,30,5.049,Agreed to one-year contract (2025),,0
5-Mar,SDP,Jose Iglesias,INF,35,10.158,Agreed to Minor League contract (2025),2.5,-0.2
3-Mar,ATL,Héctor Neris,RP,36,9.068,Agreed to Minor League contract (2025),0,-0.1
3-Mar,MIL,Jose Quintana,SP,36,12.133,Agreed to one-year contract (2025),1.1,0.8
3-Mar,PIT,Justin Lawrence,RP,30,2.167,Claimed off waivers from Rockies,-0.8,0.5
27-Feb,MIA,Brett de Geus,RP,27,1.05,Claimed off waivers from Pirates,0,0
27-Feb,NYM,José Ureña,SP,33,8.045,Agreed to Minor League contract (2025),0,-0.1
25-Feb,ARI,Brandon Bielak,SP,29,3.018,Agreed to Minor League contract (2025),-0.3,
25-Feb,SDP,Wes Benjamin,SP,31,1.028,Agreed to Minor League contract (2025),,
24-Feb,DET,Andrew Chafin,RP,35,10.02,Agreed to Minor League contract (2025),0.4,0.4
24-Feb,NYM,Alexander Canario,OF,25,0.062,Acquired from Cubs for cash,0.2,-0.5
24-Feb,TBR,Jamie Westbrook,INF/OF,30,0.039,Agreed to Minor League contract (2025),-0.1,
23-Feb,SEA,Trevor Gott,RP,32,6.057,Agreed to Minor League contract (2025),,
23-Feb,TEX,Kevin Pillar,OF,36,10.072,Agreed to Minor League contract (2025),0.7,-0.3
21-Feb,CHC,Greg Allen,OF,32,3.127,Agreed to Minor League contract (2025),,-0.3
20-Feb,ATH,Dylan Floro,RP,34,7.053,Agreed to Minor League contract (2025),0.6,
20-Feb,BOS,Matt Moore,RP,36,12,Agreed to Minor League contract (2025),-0.8,
20-Feb,PIT,Andrew Heaney,SP,34,9.15,Agreed to one-year contract (2025),2.2,-0.3
20-Feb,SEA,Rowdy Tellez,1B,30,6.004,Agreed to Minor League contract (2025),-0.5,0
19-Feb,COL,Scott Alexander,RP,35,7.08,Agreed to one-year contract (2025),0.1,-0.6
19-Feb,HOU,Brendan Rodgers,2B,28,5.075,Agreed to Minor League contract (2025),0.8,-0.3
19-Feb,KCR,Ross Stripling,SP,35,8.115,Agreed to Minor League contract (2025),1.1,
19-Feb,WSN,Lucas Sims,RP,31,6.014,Agreed to one-year contract (2025),-0.3,-0.5
18-Feb,BOS,Adam Ottavino,RP,39,13.087,Agreed to Minor League contract (2025),0.5,0
18-Feb,CHC,Justin Turner,INF,40,14.045,Agreed to one-year contract (2025),1.2,-0.3
17-Feb,ATH,Luis Urías,INF,28,5.024,Agreed to one-year contract (2025),0.2,0.1
17-Feb,ATH,Lyle Lin,C,28,,Agreed to Minor League contract (2025),,
17-Feb,BOS,Trayce Thompson,OF,34,4.01,Agreed to Minor League contract (2025),,
17-Feb,CHC,Chris Flexen,SP,30,4.099,Agreed to Minor League contract (2025),1.3,-0.3
17-Feb,CHW,Owen White,SP,25,0.042,Claimed off waivers from Yankees,-0.1,0
17-Feb,CLE,John Means,SP,32,6.007,Agreed to one-year contract (2025),0.5,
17-Feb,NYY,Rob Zastryzny,RP,33,1.157,Agreed to Minor League contract (2025),0.2,0
17-Feb,SDP,Yuli Gurriel,1B,41,7.073,Agreed to Minor League contract (2025),0,-0.4
17-Feb,TEX,Luke Jackson,RP,33,8.019,Agreed to one-year contract (2025),-0.1,-0.2
17-Feb,TOR,Jacob Barnes,RP,35,6.1,Agreed to Minor League contract (2025),0,0
16-Feb,ARI,Shelby Miller,RP,34,9.016,Agreed to Minor League contract (2025),-0.2,0.6
16-Feb,ATL,Buck Farmer,RP,34,7.14,Agreed to Minor League contract (2025),0.5,
16-Feb,KCR,Luke Maile,C,34,7.148,Agreed to Minor League contract (2025),-0.7,0.3
16-Feb,TEX,Joe Barlow,RP,29,1.155,Agreed to Minor League contract (2025),,
16-Feb,TOR,Amir Garrett,RP,33,6.054,Agreed to Minor League contract (2025),0,
16-Feb,WSN,Paul DeJong,INF,31,7.057,Agreed to one-year contract (2025),1.8,0.2
15-Feb,LAD,Eddie Rosario,OF,33,9.08,Agreed to Minor League contract (2025),-2,-0.1
15-Feb,MIN,Erasmo Ramírez,RP,35,9.003,Agreed to Minor League contract (2025),-0.5,-0.1
14-Feb,ARI,Kendall Graveman,RP,34,9.078,Agreed to one-year contract (2025),,-0.2
14-Feb,DET,David Hensley,INF/OF,29,1.021,Agreed to Minor League contract (2025),-0.2,
14-Feb,LAD,Luis García,RP,38,9.007,Agreed to Minor League contract (2025),0.3,0.7
14-Feb,LAD,Michael Chavis,INF,29,4.089,Agreed to Minor League contract (2025),,
14-Feb,PHI,Christian Arroyo,INF,30,4.166,Agreed to Minor League contract (2025),,
14-Feb,PHI,Óscar Mercado,OF,30,3.031,Agreed to Minor League contract (2025),,
13-Feb,ATL,Jake Marisnick,OF,34,9.052,Agreed to Minor League contract (2025),,
13-Feb,CHW,Joey Gallo,1B/OF,31,8.103,Agreed to Minor League contract (2025),-0.2,
13-Feb,CLE,Jakob Junis,SP/RP,32,7.002,Agreed to one-year contract (2025),0.8,0.6
13-Feb,SDP,Kyle Hart,SP,32,0.128,Agreed to one-year contract (2025),,-0.2
12-Feb,BOS,Alex Bregman,INF,31,8.07,Agreed to three-year contract (2025-27),4.2,3.5
12-Feb,DET,John Brebbia,RP,35,7.078,Agreed to one-year contract (2025),0.1,-0.2
12-Feb,DET,Drew Sommers,RP,24,,Acquired from Rays for RP Mason Englert,,-0.1
12-Feb,MIA,Cal Quantrill,SP,30,5.132,Agreed to one-year contract (2025),0.5,0.4
12-Feb,MIL,Tyler Alexander,SP/RP,30,5.011,Agreed to one-year contract (2025),-0.6,1.3
12-Feb,SDP,Nick Pivetta,SP,32,6.166,Agreed to four-year contract (2025-28),2,3.7
12-Feb,TBR,Mason Englert,RP,25,1.035,Acquired from Tigers for RP Drew Sommers,-0.1,0.6
12-Feb,TEX,JT Chargois,RP,34,5.101,Agreed to Minor League contract (2025),-0.2,
11-Feb,ARI,John Curtiss,RP,32,3.157,Agreed to Minor League contract (2025),-0.2,0
11-Feb,ATL,Jake Diekman,RP,38,12.007,Agreed to Minor League contract (2025),-0.8,
11-Feb,ATL,Dylan Covey,RP,33,4.119,Agreed to Minor League contract (2025),,
11-Feb,ATL,Chad Kuhl,RP,32,7.099,Agreed to Minor League contract (2025),0.3,
11-Feb,CHW,Michael A. Taylor,OF,34,9.129,Agreed to one-year contract (2025),0.4,-0.1
11-Feb,CIN,Scott Barlow,RP,32,6.026,Agreed to one-year contract (2025),0,0.1
11-Feb,CIN,Josh Staumont,RP,31,5.028,Agreed to Minor League contract (2025),0.2,
11-Feb,HOU,Luis Guillorme,INF,30,5.159,Agreed to Minor League contract (2025),0,0
11-Feb,LAA,Kenley Jansen,RP,37,14.073,Agreed to one-year contract (2025),1.4,0.6
11-Feb,LAA,Michael Petersen,RP,31,0.053,Claimed off waivers from Blue Jays,-0.2,0
11-Feb,MIA,Ronny Henriquez,RP,25,0.115,Claimed off waivers from Twins,0.1,1.3
11-Feb,MIN,Ty France,1B,30,5.089,Agreed to one-year contract (2025),-0.8,0.9
11-Feb,NYY,Brent Headrick,SP/RP,27,0.075,Claimed off waivers from Twins,0,0.1
10-Feb,BAL,Dylan Coleman,RP,28,1.078,Agreed to Minor League contract (2025),0,
10-Feb,MIA,Janson Junk,SP/RP,29,0.089,Agreed to Minor League contract (2025),0,2.5
10-Feb,NYY,Tyler Matzek,RP,34,6.003,Agreed to Minor League contract (2025),-0.2,0.1
9-Feb,NYY,Ronaldo Hernández,C,27,0.004,Agreed to Minor League contract (2025),,
9-Feb,NYY,Jayvien Sandridge,RP,26,,Agreed to Minor League contract (2025),,-0.1
9-Feb,SDP,Gavin Sheets,1B/OF,29,3.076,Agreed to Minor League contract (2025),-0.8,1.3
7-Feb,ARI,Trey Mancini,1B/OF,33,6.141,Agreed to Minor League contract (2025),,
7-Feb,BAL,Roansy Contreras,RP,25,2.039,Claimed off waivers from Yankees,-0.5,-0.1
7-Feb,CHC,Brandon Hughes,RP,29,2.011,Agreed to Minor League contract (2025),-0.5,
7-Feb,CHW,Brandon Drury,INF,32,8.001,Agreed to Minor League contract (2025),-2.1,
7-Feb,CHW,Tristan Gray,INF,29,0.057,Agreed to Minor League contract (2025),-0.2,0.1
7-Feb,CHW,Brandon Eisert,RP,27,0.034,Claimed off waivers from Rays,0,0.1
7-Feb,KCR,Thomas Hatch,SP/RP,30,2.032,Agreed to Minor League contract (2025),,-0.3
7-Feb,SDP,Jason Heyward,OF,35,15,Agreed to one-year contract (2025),0.8,-0.5
7-Feb,SDP,Connor Joe,1B/OF,32,3.136,Agreed to one-year contract (2025),0.5,-0.8
7-Feb,STL,Nick Anderson,RP,34,5.094,Agreed to Minor League contract (2025),-0.2,0
7-Feb,TBR,Connor Seabold,SP,29,1.013,Agreed to Minor League contract (2025),,0
7-Feb,TBR,Tres Barrera,C,30,1.032,Agreed to Minor League contract (2025),,
7-Feb,WSN,Colin Poche,RP,31,5.114,Agreed to Minor League contract (2025),-0.3,-0.2
6-Feb,CIN,Albert Abreu,RP,29,2.118,Agreed to Minor League contract (2025),,
6-Feb,LAA,Yoán Moncada,INF,30,7.106,Agreed to one-year contract (2025),0.3,0.7
6-Feb,MIA,Rob Brantly,C,35,2.067,Agreed to Minor League contract (2025),-0.1,0
6-Feb,PIT,Tommy Pham,OF,37,9.092,Agreed to one-year contract (2025),-0.1,0.2
6-Feb,SFG,Lou Trivino,RP,33,6.163,Agreed to Minor League contract (2025),,0
6-Feb,SFG,Osleivis Basabe,INF,24,0.05,Acquired from Rays for cash,,
6-Feb,STL,Michael Helman,INF/OF,29,0.029,Acquired from Twins for cash,0.1,0.6
5-Feb,MIN,Harrison Bader,OF,31,7.03,Agreed to one-year contract (2025),1.2,3.2
5-Feb,NYY,Braden Shewmake,INF,27,0.065,Claimed off waivers from Royals,-0.7,
4-Feb,BAL,Ramón Laureano,OF,30,5.159,Agreed to one-year contract (2025),0.9,3
4-Feb,CHC,Ryan Brasier,RP,37,7.094,Acquired from Dodgers for cash,0.4,0.3
4-Feb,CLE,Vince Velasquez,SP,33,8.086,Agreed to Minor League contract (2025),,
4-Feb,LAA,Yolmer Sánchez,INF/OF,33,5.083,Agreed to Minor League contract (2025),,
4-Feb,LAA,Tim Anderson,INF,32,8.043,Agreed to Minor League contract (2025),-1.4,0.1
4-Feb,MIN,Danny Coulombe,RP,35,6.008,Agreed to one-year contract (2025),0.5,0.7
4-Feb,SFG,Joey Lucchesi,SP,32,4.113,Agreed to Minor League contract (2025),0,0.1
4-Feb,TEX,Nick Ahmed,INF,35,10.017,Agreed to Minor League contract (2025),0.5,-0.1
4-Feb,TEX,Sam Haggerty,INF/OF,31,4.036,Agreed to Minor League contract (2025),-0.2,0.2
3-Feb,CLE,Kolby Allard,SP,27,4.021,Agreed to Minor League contract (2025),0.1,0.7
3-Feb,DET,Enderson Delgado,C,20,,Acquired from Rays with cash for SP Alex Faedo,,
3-Feb,NYY,Carlos Carrasco,SP,38,13.147,Agreed to Minor League contract (2025),0.1,-0.2
3-Feb,SEA,Casey Legumina,RP,28,0.139,Acquired from Reds for cash,-0.1,-0.1
3-Feb,TBR,Alex Faedo,SP/RP,29,1.169,Acquired from Tigers for C Enderson Delgado and cash,-0.4,
2-Feb,DET,Jack Flaherty,SP,29,7.006,Agreed to two-year contract (2025-26),3.3,2.5
31-Jan,ARI,Ildemaro Vargas,INF/OF,33,5.007,Agreed to Minor League contract (2025),-0.1,0.2
31-Jan,ARI,Garrett Hampson,INF/OF,30,6.01,Agreed to Minor League contract (2025),0.5,-0.2
31-Jan,BAL,Luis Vázquez,INF,25,0.047,Acquired from Cubs for cash,-0.1,-0.2
31-Jan,NYM,Nick Madrigal,INF,28,4.087,Agreed to one-year contract (2025),-0.6,
30-Jan,ATH,Jhonny Pereda,C,29,0.052,Acquired from Marlins for cash,0,0
30-Jan,ATH,Elvis Alvarado,RP,26,,Claimed off waivers from Pirates,,0.1
30-Jan,CIN,Joe La Sorsa,RP,27,0.132,Agreed to Minor League contract (2025),-0.1,-0.4
30-Jan,SEA,Neftalí Feliz,RP,37,7.156,Agreed to Minor League contract (2025),,
30-Jan,SEA,Shintaro Fujinami,RP,31,1.079,Agreed to Minor League contract (2025),,
30-Jan,TBR,Jonathan Hernández,RP,28,4.096,Agreed to Minor League contract (2025),-0.4,
30-Jan,TOR,Max Scherzer,SP,40,16.079,Agreed to one-year contract (2025),0.6,0.4
29-Jan,ATL,Wander Suero,RP,33,3.157,Agreed to Minor League contract (2025),0,-0.2
29-Jan,CHC,Brad Keller,SP/RP,29,6.062,Agreed to Minor League contract (2025),-0.4,1.3
29-Jan,CIN,Wade Miley,SP,38,13.025,Agreed to Minor League contract (2025),-0.1,-0.1
29-Jan,CIN,Taylor Rogers,RP,34,8.145,Acquired from Giants with cash for RP Braxton Roxby,0.2,0.2
29-Jan,DET,Tommy Kahnle,RP,35,9.131,Agreed to one-year contract (2025),0.1,-0.2
29-Jan,KCR,Carlos Estévez,RP,32,8.022,Agreed to two-year contract (2025-26),1.1,1.1
29-Jan,SFG,Braxton Roxby,RP,26,,Acquired from Reds for RP Taylor Rogers and cash,,
29-Jan,TBR,Ha-Seong Kim,INF,29,4,Agreed to two-year contract (2025-26),2.6,0.3
29-Jan,TOR,Adam Kloffenstein,SP,24,0.001,Agreed to Minor League contract (2025),0,
28-Jan,BOS,Abraham Toro,INF,28,3.165,Agreed to Minor League contract (2025),0.7,-0.7
28-Jan,CHC,Ryan Pressly,RP,36,11.039,Acquired from Astros with cash for SP Juan Bello,0.9,-0.3
28-Jan,CIN,Austin Hays,OF,29,5.057,Agreed to one-year contract (2025),0.2,1.2
28-Jan,HOU,Juan Bello,SP,21,,Acquired from Cubs for RP Ryan Pressly and cash,,
28-Jan,LAD,Kirby Yates,RP,38,10.021,Agreed to one-year contract (2025),1.9,-0.1
28-Jan,MIA,Connor Gillispie,SP/RP,27,0.007,Claimed off waivers from Braves,0.1,0
28-Jan,PIT,Adam Frazier,INF/OF,33,8.075,Agreed to one-year contract (2025),-0.5,0.7
28-Jan,SEA,Luis F. Castillo,SP/RP,30,0.009,Agreed to Minor League contract (2025),,0
27-Jan,BAL,Dylan Carlson,OF,26,4.104,Agreed to one-year contract (2025),-1.1,-0.4
27-Jan,MIA,Albert Almora Jr.,OF,31,5.11,Agreed to Minor League contract (2025),,
27-Jan,PIT,Tim Mayza,RP,33,5.129,Agreed to one-year contract (2025),-0.1,0
27-Jan,SFG,Jake Lamb,INF/OF,34,8.01,Agreed to Minor League contract (2025),,
27-Jan,TEX,Jesse Chavez,RP,41,14.038,Agreed to Minor League contract (2025),-0.2,-0.3
27-Jan,TEX,Cody Thomas,OF,30,0.089,Agreed to Minor League contract (2025),,
25-Jan,CHW,James Karinchak,RP,29,4.099,Agreed to Minor League contract (2025),,
24-Jan,CHW,Omar Narváez,C,33,7.159,Agreed to Minor League contract (2025),-1,0
24-Jan,CHW,Jonathan Heasley,SP/RP,28,1.029,Agreed to Minor League contract (2025),-0.2,
24-Jan,LAA,J.D. Davis,3B/1B,32,6.092,Agreed to Minor League contract (2025),-0.4,-0.2
24-Jan,LAD,David Bote,INF,32,4.168,Agreed to Minor League contract (2025),0.3,
24-Jan,SDP,Ron Marinaccio,RP,29,2.027,Acquired from White Sox for cash,-0.1,0.2
24-Jan,WSN,Shinnosuke Ogasawara,SP/RP,27,,Agreed to two-year contract (2025-26),,-0.5
23-Jan,ATL,Jurickson Profar,OF,32,10.165,Agreed to three-year contract (2025-27),4.3,1.3
23-Jan,NYY,Allan Winans,SP,29,0.031,Claimed off waivers from Braves,-0.3,-0.1
23-Jan,STL,Yohel Pozo,C,28,0.036,Agreed to Minor League contract (2025),,0.2
22-Jan,ARI,Josh Winder,RP,28,2.002,Agreed to Minor League contract (2025),0.2,
22-Jan,CHC,Jon Berti,INF/OF,35,5.168,Agreed to one-year contract (2025),0.3,-0.5
22-Jan,CLE,Paul Sewald,RP,35,6.072,Agreed to one-year contract (2025),0.3,0
22-Jan,CLE,Riley Pint,RP,27,0.02,Agreed to Minor League contract (2025),-0.2,
22-Jan,COL,Tommy Doyle,RP,29,0.057,Agreed to Minor League contract (2025),,
22-Jan,LAD,Roki Sasaki,SP,23,,Agreed to Minor League contract (2025),,-0.1
22-Jan,TOR,Christian Bethancourt,C,33,5.023,Agreed to Minor League contract (2025),0.2,
22-Jan,TOR,Richard Lovelady,RP,29,3.008,Agreed to Minor League contract (2025),0.1,-0.3
21-Jan,SEA,Will Klein,RP,25,0.035,Acquired from Athletics for international bonus pool space,0,0.3
20-Jan,ATL,Chasen Shreve,RP,34,7.067,Agreed to Minor League contract (2025),0,
20-Jan,CIN,Alex Young,RP,31,4.085,Agreed to Minor League contract (2025),0,
20-Jan,TOR,Anthony Santander,OF,30,6.162,Agreed to five-year contract (2025-29),3.2,-0.9
19-Jan,CHC,Reese McGuire,C,30,4.155,Agreed to Minor League contract (2025),0.2,0.7
19-Jan,CHC,Trevor Richards,RP,32,6.07,Agreed to Minor League contract (2025),0.1,0.1
19-Jan,LAD,Tanner Scott,RP,30,6.059,Agreed to four-year contract (2025-28),1.6,0
19-Jan,TEX,Chad Wallach,C,33,4.018,Agreed to Minor League contract (2025),,0
18-Jan,KCR,Harold Castro,INF/OF,31,4.141,Agreed to Minor League contract (2025),,
18-Jan,MIN,Anthony Misiewicz,RP,30,3,Agreed to Minor League contract (2025),0,-0.2
17-Jan,ATH,José Leclerc,RP,31,8.041,Agreed to one-year contract (2025),0.8,-0.3
17-Jan,ATL,Amos Willingham,RP,26,0.079,Claimed off waivers from Nationals,-0.1,
17-Jan,BOS,Matt McShane,RP,22,,Acquired from Pirates for RP Chase Shugart,,
17-Jan,CIN,Arnaldo Lantigua,OF,19,,Acquired from Dodgers for international bonus pool space,,
17-Jan,MIL,Elvin Rodríguez,SP/RP,27,0.034,Agreed to one-year contract (2025),,-0.5
17-Jan,NYM,A.J. Minter,RP,31,6.154,Agreed to two-year contract (2025-26),0,0.3
17-Jan,PHI,Dylan Campbell,OF,22,,Acquired from Dodgers for international bonus pool space,,
17-Jan,PHI,Koyo Aoyagi,SP/RP,31,,Agreed to Minor League contract (2025),,
17-Jan,PIT,Chase Shugart,RP,28,0.034,Acquired from Red Sox for RP Matt McShane,0.1,-0.1
17-Jan,SDP,Niko Goodrum,INF,33,4.097,Agreed to Minor League contract (2025),-0.8,
17-Jan,SDP,J.B. Wendelken,RP,32,3.028,Agreed to Minor League contract (2025),,
17-Jan,TOR,Myles Straw,OF,30,4.125,Acquired from Guardians with international bonus pool space for PTBNL or cash,0,1.8
17-Jan,WSN,Andrew Knizner,C,30,4.145,Agreed to Minor League contract (2025),-0.6,0.2
16-Jan,BAL,Jacob Amaya,INF,26,0.054,Claimed off waivers from White Sox,-0.3,-0.8
16-Jan,HOU,Bryan Lavastida,C,26,0.018,Agreed to Minor League contract (2025),,
16-Jan,MIL,Jorge Alfaro,C,32,5.133,Agreed to Minor League contract (2025),,-0.3
16-Jan,SDP,Martín Maldonado,C,38,12.1,Agreed to Minor League contract (2025),-1.5,-0.8
16-Jan,SDP,Forrest Wall,OF,29,0.124,Agreed to Minor League contract (2025),-0.2,
15-Jan,BOS,Blake Sabol,C/1B,27,1.023,Acquired from Giants for international bonus pool space,0.2,-0.2
15-Jan,BOS,Yovanny Cruz,RP,25,,Agreed to Minor League contract (2025),,
15-Jan,COL,Nick Martini,OF/1B,35,2.118,Agreed to Minor League contract (2025),-0.5,-0.5
15-Jan,COL,Keston Hiura,INF,28,3.032,Agreed to Minor League contract (2025),-0.5,0
15-Jan,MIA,William Kempner,RP,24,,Acquired from Giants for international bonus pool space,,
15-Jan,NYM,Austin Warren,RP,29,2.135,Claimed off waivers from Giants,0,0.1
15-Jan,NYY,Michael Arias,RP,23,0,Acquired from Cubs for cash,,
15-Jan,SEA,Blake Hunt,C,26,0.002,Acquired from Orioles for cash,,
14-Jan,BOS,Robert Stock,SP/RP,35,2.03,Agreed to Minor League contract (2025),,-0.1
14-Jan,BOS,Sean Newcomb,RP,32,5.041,Agreed to Minor League contract (2025),-0.2,1.7
14-Jan,LAA,Victor González,RP,29,3.149,Agreed to Minor League contract (2025),-0.4,
14-Jan,SEA,Miles Mastrobuoni,INF/OF,29,1.077,Acquired from Cubs for cash,-0.4,0.3
13-Jan,NYY,Dominic Smith,1B,30,6.034,Agreed to Minor League contract (2025),0.2,0.4
13-Jan,SEA,Donovan Solano,INF,37,9.057,Agreed to one-year contract (2025),0.8,0
12-Jan,ATL,Garrett Cooper,1B/OF,34,6.131,Agreed to Minor League contract (2025),-0.4,
11-Jan,PIT,DJ Stewart,OF,31,3.144,Agreed to Minor League contract (2025),-0.2,
11-Jan,SFG,Enny Romero,SP/RP,34,3.017,Agreed to Minor League contract (2025),,
11-Jan,WSN,Jorge López,RP,32,6.094,Agreed to one-year contract (2025),0.2,0.3
10-Jan,ARI,René Pinto,C,28,1.015,Claimed off waivers from Orioles,0,
10-Jan,BAL,Andrew Kittredge,RP,35,6.07,Agreed to one-year contract (2025),0.3,0.8
10-Jan,CHC,Colin Rea,SP,34,5.057,Agreed to one-year contract (2025),0.8,1.9
10-Jan,TBR,Joey Krehbiel,RP,32,1.062,Agreed to Minor League contract (2025),,
10-Jan,TOR,Jeff Hoffman,RP,32,6.084,Agreed to three-year contract (2025-27),2,-0.4
9-Jan,COL,Thairo Estrada,2B,29,4.153,Agreed to one-year contract (2025),0.4,-0.3
9-Jan,LAD,Jose Vasquez,SP,20,,Acquired from Twins for C Diego Cartaya,,
9-Jan,MIN,Diego Cartaya,C,23,0,Acquired from Dodgers for SP Jose Vasquez,,
9-Jan,NYM,Adbert Alzolay,RP,30,4.05,Agreed to Minor League contract (2025-26),-0.8,
9-Jan,PIT,Caleb Ferguson,RP,28,6.093,Agreed to one-year contract (2025),0.3,0.8
9-Jan,SEA,Tyler Jay,RP,31,0.011,Claimed off waivers from Brewers,0,
8-Jan,ATH,CD Pelham,RP,30,0.027,Agreed to Minor League contract (2025),,
8-Jan,CHW,Martín Pérez,SP,34,12.038,Agreed to one-year contract (2025),0.5,0.8
8-Jan,COL,Jake Woodford,SP/RP,28,3.096,Agreed to Minor League contract (2025),0.1,0
8-Jan,SEA,Hagen Danner,RP,26,0.052,Claimed off waivers from Blue Jays,,
8-Jan,SFG,Sam Huff,C,27,1.156,Claimed off waivers from Rangers,0,-0.2
8-Jan,WSN,Amed Rosario,INF/OF,29,7.062,Agreed to one-year contract (2025),0.2,0.4
7-Jan,ARI,Grae Kessinger,INF,27,1.054,Acquired from Astros for RP Matthew Linskey,-0.4,
7-Jan,CHW,Bobby Dalbec,INF/OF,30,2.169,Agreed to Minor League contract (2025),-0.7,0.1
7-Jan,DET,Dietrich Enns,SP,34,0.059,Agreed to Minor League contract (2025),,0.5
7-Jan,HOU,Zack Short,INF/OF,30,2.036,Agreed to Minor League contract (2025),-0.4,0
7-Jan,HOU,Matthew Linskey,RP,23,,Acquired from Diamondbacks for INF Grae Kessinger,,
7-Jan,SFG,Justin Verlander,SP,42,19.002,Agreed to one-year contract (2025),0.7,2.2
6-Jan,BOS,Austin Adams,RP,34,5.15,Agreed to Minor League contract (2025),0,
6-Jan,CHC,Ben Heller,RP,33,3.165,Agreed to Minor League contract (2025),-0.1,
6-Jan,CHW,Andre Lipcius,INF,27,0.031,Agreed to Minor League contract (2025),,
6-Jan,CIN,Gavin Lux,INF/OF,27,4.114,Acquired from Dodgers for OF Mike Sirota and 2025 Competitive Balance Round A draft pick,1.4,0.3
6-Jan,LAD,Julian Fernández,RP,29,2.034,Agreed to Minor League contract (2025),,-0.1
6-Jan,LAD,Matt Sauer,RP,26,0.06,Agreed to Minor League contract (2025),-0.2,-0.1
6-Jan,LAD,Sam Carlson,RP,26,,Agreed to Minor League contract (2025),,
6-Jan,LAD,Mike Sirota,OF,22,,Acquired from Reds with 2025 Competitive Balance Round A draft pick for INF/OF Gavin Lux,,
6-Jan,MIA,Freddy Tarnok,SP/RP,26,1.068,Agreed to Minor League contract (2025),,0
6-Jan,PHI,Nick Vespi,RP,29,0.159,Agreed to Minor League contract (2025),0.1,
6-Jan,PIT,Burch Smith,RP,35,5.086,Agreed to Minor League contract (2025),0.4,
6-Jan,PIT,Bryce Johnson,OF,29,0.164,Agreed to Minor League contract (2025),0,0.7
6-Jan,SDP,Rodolfo Durán,C,27,,Agreed to Minor League contract (2025),,
6-Jan,TEX,Chris Martin,RP,39,7.133,Agreed to one-year contract (2025),0.9,0.6
5-Jan,KCR,Cavan Biggio,INF/OF,30,5.11,Agreed to Minor League contract (2025),0.1,-0.2
4-Jan,CIN,Bryan Shaw,RP,37,11.086,Agreed to Minor League contract (2025),-0.1,
3-Jan,BAL,Charlie Morton,SP,41,16.01,Agreed to one-year contract (2025),1.1,0.3
3-Jan,LAD,Hyeseong Kim,INF,26,,Agreed to three-year contract (2025-27),,0.8
3-Jan,TBR,Coco Montes,INF,28,0.03,Agreed to Minor League contract (2025),,0
3-Jan,TEX,David Buchanan,SP,36,1.012,Agreed to Minor League contract (2025),0,
2-Jan,ARI,Cristian Pache,OF,26,3.031,Agreed to Minor League contract (2025),0,
2-Jan,CHW,Josh Rojas,INF,31,4.126,Agreed to one-year contract (2025),1.8,-1.3
2-Jan,CLE,Luis Frías,RP,27,1.072,Agreed to Minor League contract (2025),-0.1,
2-Jan,CLE,Jake Anchia,C,28,,Agreed to Minor League contract (2025),,
2-Jan,MIL,Grant Anderson,RP,28,1.007,Acquired from Rangers for SP Mason Molina,-0.9,0.4
2-Jan,MIN,Armando Alvarez,INF/OF,30,0.065,Agreed to Minor League contract (2025),-0.3,
2-Jan,TEX,Mason Molina,SP,21,,Acquired from Brewers for RP Grant Anderson,,
1-Jan,CHW,Tyler Gilbert,RP,31,1.076,Acquired from Phillies for RP Aaron Combs,0,0.4
1-Jan,PHI,Aaron Combs,RP,23,,Acquired from White Sox for RP Tyler Gilbert,,
31-Dec,BAL,Nick Gordon,OF/INF,29,3.097,Agreed to Minor League contract (2025),-0.7,
31-Dec,CHC,Caleb Thielbar,RP,38,6.131,Agreed to one-year contract (2025),0.2,1.1
31-Dec,MIN,Mike Ford,1B,32,3.032,Agreed to Minor League contract (2025),-0.6,
31-Dec,NYY,Andrew Velazquez,INF/OF,30,3.033,Agreed to Minor League contract (2025),,
31-Dec,TBR,Eloy Jiménez,OF,28,6,Agreed to Minor League contract (2025),-0.9,
29-Dec,CHC,Vidal Bruján,INF/OF,27,2.014,Acquired from Marlins for 1B Matt Mervis and cash,-0.5,0
29-Dec,HOU,Miguel Castro,RP,30,8.033,Agreed to Minor League contract (2025),-0.2,-0.1
29-Dec,MIA,Matt Mervis,1B,27,0.053,Acquired from Cubs with cash for INF/OF Vidal Brujan,-0.4,-0.4
29-Dec,WSN,Josh Bell,1B,32,8.053,Agreed to one-year contract (2025),-0.1,0.1
28-Dec,ARI,Corbin Burnes,SP,30,6.049,Agreed to six-year contract (2025-30),3.8,0.7
28-Dec,SFG,Miguel Díaz,RP,30,3.006,Agreed to Minor League contract (2025),0,
27-Dec,DET,Gleyber Torres,2B,28,6.162,Agreed to one-year contract (2025),1.8,2.6
27-Dec,SDP,Mike Brosseau,INF/OF,31,3.099,Agreed to Minor League contract (2025),,
24-Dec,BOS,Jovani Morán,RP,28,1.09,Acquired from Twins for C/INF Mickey Gasper,,0
24-Dec,MIN,Mickey Gasper,C/INF,29,0.049,Acquired from Red Sox for RP Jovani Moran,-0.3,-0.7
23-Dec,BAL,Jordyn Adams,OF,25,0.066,Agreed to Minor League contract (2025),0.1,-0.1
23-Dec,BOS,Walker Buehler,SP,30,6.168,Agreed to one-year contract (2025),-0.1,-0.3
23-Dec,COL,Diego Castillo,RP,31,4.169,Agreed to Minor League contract (2025),0,
23-Dec,DET,Jordan Balazovic,SP,26,0.065,Agreed to Minor League contract (2025),,
23-Dec,LAA,Connor Brogdon,RP,30,3.139,Agreed to Minor League contract (2025),-0.6,-0.3
23-Dec,NYY,Brennen Davis,OF,25,0.017,Agreed to Minor League contract (2025),,
23-Dec,PHI,Joe Ross,SP/RP,32,7.018,Agreed to one-year contract (2025),0.9,-0.1
23-Dec,TEX,Shawn Armstrong,RP,34,6.113,Agreed to one-year contract (2025),0.7,1.4
23-Dec,TEX,Joc Pederson,DH,33,10.028,Agreed to two-year contract (2025-26),3,-0.8
23-Dec,TEX,Patrick Murphy,RP,30,1.002,Agreed to Minor League contract (2025),,
22-Dec,MIA,Emaarion Boyd,OF,21,,Acquired from Phillies with SS Starlyn Caba for SP Jesus Luzardo and C Paul McIntosh,,
22-Dec,MIA,Starlyn Caba,SS,19,,Acquired from Phillies with OF Emaarion Boyd for SP Jesus Luzardo and C Paul McIntosh,,
22-Dec,PHI,Jesús Luzardo,SP,27,4.165,Acquired from Marlins with C Paul McIntosh for SS Starlyn Caba and OF Emaarion Boyd,0.7,5.3
22-Dec,PHI,Paul McIntosh,C,27,,Acquired from Marlins with SP Jesus Luzardo for SS Starlyn Caba and OF Emaarion Boyd,,
22-Dec,TEX,Robert Garcia,RP,29,1.086,Acquired from Nationals for 1B Nathaniel Lowe,1.5,0.5
22-Dec,WSN,Nathaniel Lowe,1B,29,4.145,Acquired from Rangers for RP Robert Garcia,2.9,-0.4
21-Dec,ARI,Josh Naylor,1B,28,5.127,Acquired from Guardians for SP Slade Cecconi and 2025 Competitive Balance Round B draft pick,2.3,3.1
21-Dec,BOS,Yhoiker Fajardo,SP,18,,Acquired from White Sox for RP Cam Booser,,
21-Dec,CHW,Cam Booser,RP,33,0.15,Acquired from Red Sox for SP Yhoiker Fajardo,0.3,-0.6
21-Dec,CLE,Carlos Santana,1B,39,14.115,Agreed to one-year contract (2025),2.9,0.3
21-Dec,CLE,Slade Cecconi,SP,26,0.155,Acquired from Diamondbacks with 2025 Competitive Balance Round B draft pick for 1B Josh Naylor,0.2,0.7
21-Dec,DET,Matt Gage,RP,32,0.063,Agreed to Minor League contract (2025),,0.5
21-Dec,DET,Brian Serven,C,30,1.089,Agreed to Minor League contract (2025),-0.2,
21-Dec,NYM,Brandon Waddell,SP/RP,31,0.106,Agreed to Minor League contract (2025),,-0.1
21-Dec,NYY,Paul Goldschmidt,1B,37,13.059,Agreed to one-year contract (2025),1.2,0.8
21-Dec,PHI,Joel Kuhnel,RP,30,1.127,Agreed to Minor League contract (2025),0.1,
20-Dec,ATH,Gio Urshela,3B,33,7.127,Agreed to one-year contract (2025),0.7,-0.4
20-Dec,ATL,Davis Daniel,SP,28,1.029,Acquired from Angels for SP Mitch Farris,0.4,0
20-Dec,BOS,Noah Davis,SP,28,0.129,Agreed to Minor League contract (2025),0,-0.7
20-Dec,BOS,Patrick Sandoval,SP,28,4.149,Agreed to two-year contract (2025-26),1.2,
20-Dec,CIN,Jose Trevino,C,32,5.063,Acqured from Yankees for RP Fernando Cruz and C Alex Jackson,1.6,0.3
20-Dec,COL,Jefry Yan,RP,28,,Agreed to Minor League contract (2025),,
20-Dec,HOU,Christian Walker,1B,34,6.124,Agreed to three-year contract (2025-27),3.1,1.1
20-Dec,KCR,Junior Fernández,RP,28,1.163,Agreed to Minor League contract (2025),,
20-Dec,LAA,Mitch Farris,SP,24,,Acquired from Braves for SP Davis Daniel,,0.1
20-Dec,MIA,Eric Wagaman,INF/OF,27,0.02,Agreed to one-year contract (2025),0,-0.4
20-Dec,NYM,Anthony Gose,RP,34,3.159,Agreed to Minor League contract (2025),-0.1,
20-Dec,NYM,Luis Ortiz,RP,29,1.103,Agreed to Minor League contract (2025),0,
20-Dec,NYM,Chris Williams,C/1B,28,,Agreed to Minor League contract (2025),,
20-Dec,NYY,Fernando Cruz,RP,35,2.035,Acquired from Reds with C Alex Jackson for C Jose Trevino,1.2,0.8
20-Dec,NYY,Alex Jackson,C,29,2.123,Acquired from Reds with RP Fernando Cruz for C Jose Trevino,-0.1,1
20-Dec,SDP,Jake Higginbotham,RP,29,,Agreed to Minor League contract (2025),,
20-Dec,TOR,Josh Walker,RP,30,0.108,Agreed to one-year contract (2025),0,0.1
19-Dec,CIN,Roansy Contreras,RP,25,2.039,Claimed off waivers from Rangers,-0.5,-0.1
19-Dec,MIL,Bruce Zimmermann,SP,30,1.129,Agreed to Minor League contract (2025),,-0.2
19-Dec,PHI,Max Kepler,RF,32,8.152,Agreed to one-year contract (2025),0.9,0.6
19-Dec,SEA,Nick Raposo,C,27,0.003,Claimed off waivers from Blue Jays,,
19-Dec,TEX,Hoby Milner,RP,34,5.068,Agreed to one-year contract (2025),0.9,1
19-Dec,TEX,Nolan Hoffman,RP,27,,Agreed to Minor League contract (2025),,0
19-Dec,TEX,Alan Trejo,INF,29,2.033,Agreed to Minor League contract (2025),-0.7,-0.3
19-Dec,WSN,Michael Soroka,SP,27,6.009,Agreed to one-year contract (2025),0.4,1.1
18-Dec,CHW,Bryse Wilson,SP,27,4.036,Agreed to one-year contract (2025),-0.3,-0.5
18-Dec,LAA,Chuckie Robinson,C,30,0.129,Acquired from White Sox for cash,-0.5,0
18-Dec,NYM,Griffin Canning,SP,29,5.075,Agreed to one-year contract (2025),0.1,0.9
17-Dec,ATH,Willie MacIver,C,28,,Agreed to Minor League contract (2025),,-0.1
17-Dec,ATL,Jordan Weems,RP,32,3.025,Agreed to Minor League contract (2025),-0.5,0
17-Dec,CHC,Carlos Pérez,C,34,3.167,Agreed to Minor League contract (2025),,
17-Dec,CHC,Cody Poteet,SP,30,2.095,Acquired from Yankees for OF/1B Cody Bellinger and cash,0.2,0
17-Dec,CHW,Matt Thaiss,C,30,3.038,Acquired from Cubs for cash,-0.1,0.7
17-Dec,DET,Ryan Miller,RP,29,0.034,Agreed to Minor League contract (2025),-0.1,
17-Dec,NYY,Cody Bellinger,OF/1B,29,7.16,Acquired from Cubs with cash for SP Cody Poteet,2.1,4.9
17-Dec,SDP,Jose Espada,RP,28,0.01,Agreed to Minor League contract (2025),,0.1
16-Dec,BAL,Tomoyuki Sugano,SP,35,,Agreed to one-year contract (2025),,0.1
16-Dec,LAD,Justin Dean,OF,28,,Agreed to Minor League contract (2025),,0
16-Dec,NYM,Jared Young,INF/OF,29,0.061,Agreed to one-year contract (2025),,0
16-Dec,TOR,Ali Sánchez,C,28,1,Agreed to Minor League contract (2025),-0.2,0
15-Dec,ATL,Bryan De La Cruz,OF,28,3.056,Agreed to one-year contract (2025),-1.1,-0.4
15-Dec,ATL,Enyel De Los Santos,RP,29,4.015,Agreed to Minor League contract (2025),-1,0.4
15-Dec,BOS,Joe Vogatsky,RP,23,,Acquired from Pirates for INF Enmanuel Valdez,,
15-Dec,PIT,Enmanuel Valdez,INF,26,1.018,Acquired from Red Sox for to Pirates for RP Joe Vogatsky,-0.6,0.1
15-Dec,SFG,Antonio Jimenez,RP,24,,Agreed to Minor League contract (2025),,
14-Dec,ATH,Jeffrey Springs,SP,32,6.055,"Acquired from Rays with Jacob Lopez for SP Joe Boyle, 1B/3B Will Simpson, SP Jacob Watters, and 2025 Competitive Balance Round A draft pick",0.4,1.7
14-Dec,ATH,Jacob Lopez,SP,27,0.021,"Acquired from Rays with Jeffrey Springs for SP Joe Boyle, 1B/3B Will Simpson, SP Jacob Watters, and 2025 Competitive Balance Round A draft pick",-0.1,1.2
14-Dec,NYY,Colten Brewer,RP,32,3.063,Agreed to Minor League contract (2025),0.3,
14-Dec,TBR,Joe Boyle,SP,25,0.115,"Acquired from Athletics with 1B/3B Will Simpson, SP Jacob Watters, and 2025 Competitive Balance Round A draft pick for SP Jeffrey Springs and SP Jacob Lopez",0.3,0.5
14-Dec,TBR,Will Simpson,1B/3B,23,,"Acquired from Athletics with SP Joe Boyle, SP Jacob Watters, and 2025 Competitive Balance Round A draft pick for SP Jeffrey Springs and SP Jacob Lopez",,
14-Dec,TBR,Jacob Watters,SP,24,,"Acquired from Athletics with SP Joe Boyle, 1B/3B Will Simpson, and 2025 Competitive Balance Round A draft pick for SP Jeffrey Springs and SP Jacob Lopez",,
14-Dec,TEX,Tucker Barnhart,C,34,9.148,Agreed to Minor League contract (2025),-0.5,0
13-Dec,CHC,Carson Kelly,C,30,6.161,Agreed to two-year contract (2025-26),1.8,2.6
13-Dec,CHC,Kyle Tucker,OF,28,5.079,"Acquired from Astros for 3B Isaac Paredes, SP Hayden Wesneski, and 3B Cam Smith",4.2,4.5
13-Dec,HOU,Hayden Wesneski,SP,27,1.17,Acquired from Cubs with 3B Isaac Paredes and 3B Cam Smith for Of Kyle Tucker,0.2,0.2
13-Dec,HOU,Isaac Paredes,3B,26,3.16,Acquired from Cubs with SP Hayden Wesneski and 3B Cam Smith for Of Kyle Tucker,3.4,2.5
13-Dec,HOU,Cam Smith,3B,22,,Acquired from Cubs with 3B Isaac Paredes and SP Hayden Wesneski for Of Kyle Tucker,,1
13-Dec,MIL,Nestor Cortes,SP,30,5.094,Acquired from Yankees with INF/OF Caleb Durbin and cash for RP Devin Williams,3.1,-0.9
13-Dec,MIL,Caleb Durbin,INF/OF,25,0,Acquired from Yankees with SP Nestor Cortes and cash for RP Devin Williams,,2.6
13-Dec,NYY,Devin Williams,RP,30,5.056,"Acquired from Brewers for INF/OF Caleb Durbin, SP Nestor Cortes, and cash",0.8,1.4
13-Dec,PHI,Nabil Crismatt,SP/RP,30,2.158,Agreed to Minor League contract (2025),0.1,0.1
13-Dec,PHI,Guillo Zuñiga,RP,26,0.129,Agreed to Minor League contract (2025),-0.5,
13-Dec,PIT,Darick Hall,1B,29,0.163,Agreed to Minor League contract (2025),,
13-Dec,TBR,Joey Gerber,RP,28,0.153,Agreed to Minor League contract (2025),,0
13-Dec,TOR,Eric Lauer,SP,30,4.111,Agreed to Minor League contract (2025),,1.4
12-Dec,CHW,Dan Altavilla,RP,32,4.153,Agreed to Minor League contract (2025),-0.1,-0.2
12-Dec,KCR,Taylor Clarke,RP,32,4.169,Agreed to Minor League contract (2025),,0.3
12-Dec,LAA,Sebastián Rivero,C,26,0.141,Agreed to Minor League contract (2025),,-0.2
12-Dec,NYY,Wilking Rodríguez,RP,35,1.008,Agreed to Minor League contract (2025),,
12-Dec,PIT,Carson Fulmer,SP/RP,31,3.108,Agreed to Minor League contract (2025),0.2,0
11-Dec,ATH,Noah Murdock,RP,26,,Selected from Royals in Rule 5 draft,,0
11-Dec,BOS,Carlos Narváez,C/1B,26,0.038,Acquired from Yankees for SP Elmer Rodriguez-Cruz and international bonus pool space,0,2.7
11-Dec,BOS,Garrett Crochet,SP,26,4.028,"Acquired from White Sox for C Kyle Teel, INF Chase Meidroth, OF Braden Montgomery, and SP Wikelman Gonzalez",4.6,5.8
11-Dec,CHC,Gage Workman,INF,25,,Selected from Tigers in Rule 5 draft,,-0.2
11-Dec,CHW,Shane Smith,SP,25,,Selected from Brewers in Rule 5 draft,,2.2
11-Dec,CHW,Wikelman González,SP,23,0,"Acquired from Red Sox with C Kyle Teel, INF Chase Meidroth, and OF Braden Montgomery for SP Garrett Crochet",,0.3
11-Dec,CHW,Kyle Teel,C,23,,"Acquired from Red Sox with INF Chase Meidroth, OF Braden Montgomery, and SP Wikelman Gonzalez for SP Garrett Crochet",,1.9
11-Dec,CHW,Braden Montgomery,OF,22,,"Acquired from Red Sox with C Kyle Teel, INF Chase Meidroth, and SP Wikelman Gonzalez for SP Garrett Crochet",,
11-Dec,CHW,Chase Meidroth,INF,23,,"Acquired from Red Sox with C Kyle Teel, OF Braden Montgomery, and SP Wikelman Gonzalez for SP Garrett Crochet",,1.3
11-Dec,LAA,Garrett McDaniels,SP,25,,Selected from Dodgers in Rule 5 draft,,-0.3
11-Dec,MIA,Liam Hicks,C/1B,26,,Selected from Tigers in Rule 5 draft,,1
11-Dec,MIL,Grant Wolfram,RP,28,,Agreed to one-year contract (2025),,0.2
11-Dec,MIL,Connor Thomas,RP,27,0,Selected from Cardinals in Rule 5 draft,,-0.2
11-Dec,NYY,Ismael Munguia,OF,26,,Agreed to Minor League contract (2025),,
11-Dec,NYY,Elmer Rodríguez,SP,21,,Acquired from Red Sox with international bonus pool space for C/1B Carlos Narvaez,,
11-Dec,PIT,Aaron McKeithan,C,25,,Selected from Yankees in Rule 5 draft (AAA phase),,
11-Dec,STL,Oddanier Mosqueda,RP,26,,Selected from Yankees in Rule 5 draft (AAA phase),,
11-Dec,TBR,Nate Lavender,RP,25,,Selected from Mets in Rule 5 draft,,
11-Dec,TEX,Jacob Webb,RP,31,4.046,Agreed to one-year contract (2025),0.7,0.2
11-Dec,TOR,Angel Bastardo,SP,23,,Selected from Red Sox in Rule 5 draft,,
10-Dec,CLE,Luis Ortiz,SP,26,1.121,Acquired from Pirates with SP Josh Hartle and SP Michael Kennedy for INF/OF Spencer Horwitz,0.9,0.9
10-Dec,CLE,Spencer Horwitz,INF/OF,27,0.152,Acquired from Blue Jays with OF Nick Mitchell for 2B Andres Gimenez and RP Nick Sandlin,1.9,1.7
10-Dec,CLE,Josh Hartle,SP,22,,Acquired from Pirates with SP Luis Ortiz and SP Michael Kennedy for INF/OF Spencer Horwitz,,
10-Dec,CLE,Michael Kennedy,SP,20,,Acquired from Pirates with SP Luis Ortiz and SP Josh Hartle for INF/OF Spencer Horwitz,,
10-Dec,CLE,Nick Mitchell,OF,21,,Acquired from Blue Jays with INF/OF Spencer Horwitz for 2B Andres Gimenez and RP Nick Sandlin,,
10-Dec,MIA,Maximo Acosta,INF,22,0,Acquired from Rangers with INF Echedry Vargas and SP Brayan Mendoza for 1B/3B Jake Burger,,-0.1
10-Dec,MIA,Brayan Mendoza,SP,21,,Acquired from Rangers with INF Max Acosta and INF Echedry Vargas for 1B/3B Jake Burger,,
10-Dec,MIA,Echedry Vargas,INF,20,,Acquired from Rangers with INF Max Acosta and SP Brayan Mendoza for 1B/3B Jake Burger,,
10-Dec,MIL,Deivi García,RP,26,0.12,Agreed to Minor League contract (2025),-0.1,
10-Dec,MIN,Huascar Ynoa,SP,27,3.117,Agreed to Minor League contract (2025),,
10-Dec,NYY,Max Fried,SP,31,6.148,Agreed to eight-year contract (2025-32),3.4,4.8
10-Dec,PHI,Payton Henry,C,28,0.066,Agreed to Minor League contract (2025),,
10-Dec,PIT,Spencer Horwitz,INF/OF,27,0.152,"Acquired from Guardians for SP Luis Ortiz, SP Josh Hartle, and SP Michael Kennedy",1.9,1.7
10-Dec,SEA,Jacob Nottingham,C,30,1.098,Agreed to Minor League contract (2025),,
10-Dec,TEX,Jake Burger,1B/3B,29,2.127,"Acquired from Marlins for INF Max Acosta, INF Echedry Vargas, and SP Brayan Mendoza",1.4,-0.1
10-Dec,TEX,Michael Plassmeyer,SP,28,0.005,Agreed to Minor League contract (2025),,
10-Dec,TOR,Yimi García,RP,34,9.149,Agreed to two-year contract (2025-26),0.4,0.1
10-Dec,TOR,Andrés Giménez,2B,26,4.106,Acquired from Guardians with RP Nick Sandlin for INF/OF Spencer Horwitz and OF Nick Mitchell,2.8,1
10-Dec,TOR,Nick Sandlin,RP,28,3.157,Acquired from Guardians with 2B Andres Gimenez for INF/OF Spencer Horwitz and OF Nick Mitchell,-0.7,0
9-Dec,ATH,Ben Bowden,RP,30,1,Agreed to Minor League contract (2025),,-0.1
9-Dec,CHW,Mike Tauchman,OF,34,4.143,Agreed to one-year contract (2025),1,1.4
9-Dec,DET,Alex Cobb,SP,37,13.061,Agreed to one-year contract (2025),0.3,
9-Dec,HOU,Joe Hudson,C,34,0.153,Agreed to Minor League contract (2025),0,
9-Dec,PHI,Jordan Romano,RP,32,5.051,Agreed to one-year contract (2025),-0.3,-0.4
8-Dec,COL,Austin Nola,C,35,4.051,Agreed to Minor League contract (2025),,-0.5
8-Dec,LAD,Michael Conforto,OF,32,8.043,Agreed to one-year contract (2025),1.3,-0.6
8-Dec,NYM,Oliver Ortega,RP,28,2.019,Agreed to Minor League contract (2025),,
8-Dec,NYM,Juan Soto,OF,26,6.134,Agreed to 15-year contract (2025-39),8.3,5.8
7-Dec,BAL,Gary Sánchez,C,32,8.05,Agreed to one-year contract (2025),0.4,-0.2
7-Dec,BAL,Tyler O'Neill,OF,30,6.059,Agreed to three-year contract (2025-27),2.6,-0.3
7-Dec,SEA,Sauryn Lao,RP,25,,Agreed to Minor League contract (2025),,0
7-Dec,SFG,Willy Adames,SS,29,6.105,Agreed to seven-year contract (2025-31),4.8,4
7-Dec,TEX,Adrian Houser,SP,32,5.136,Agreed to Minor League contract (2025),-0.1,2.3
6-Dec,ATL,Eddy Alvarez,INF/OF,35,0.167,Agreed to Minor League contract (2025),0,
6-Dec,ATL,Conner Capel,OF,28,0.105,Agreed to Minor League contract (2025),-0.1,
6-Dec,CIN,Lenny Torres Jr.,RP,24,,Agreed to Minor League contract (2025),,
6-Dec,HOU,Blake Weiman,RP,29,,Agreed to Minor League contract (2025),,
6-Dec,LAA,Dakota Hudson,SP,30,5.141,Agreed to Minor League contract (2025),0,
6-Dec,LAA,Carter Kieboom,INF,27,2.168,Agreed to Minor League contract (2025),,-0.2
6-Dec,NYM,Clay Holmes,SP,32,6.031,Agreed to three-year contract (2025-27),1.2,1.9
6-Dec,NYM,Sean Harney,RP,26,,Acquired from Rays for international bonus pool space,,
6-Dec,PIT,Tanner Rainey,RP,32,5.127,Agreed to Minor League contract (2025),-0.2,0.1
6-Dec,PIT,Nick Solak,OF,30,2.131,Agreed to Minor League contract (2025),,-0.4
6-Dec,TBR,Danny Jansen,C,30,6.05,Agreed to one-year contract (2025),0.5,1.3
5-Dec,ATH,Luis Severino,SP,31,8.17,Agreed to three-year contract (2025-27),2.1,2.5
5-Dec,SEA,Drew Pomeranz,RP,36,11.021,Agreed to Minor League contract (2025),,0.7
4-Dec,MIN,Darren McCaughan,SP/RP,29,0.063,Agreed to Minor League contract (2025),-0.4,0.1
3-Dec,ARI,Jeff Brigham,RP,33,3.142,Agreed to Minor League contract (2025),,0
3-Dec,BOS,Aroldis Chapman,RP,37,14.009,Agreed to one-year contract (2025),1.1,2.6
3-Dec,STL,Ryan Vilade,OF,26,0.051,Agreed to Minor League contract (2025),-0.3,-0.2
3-Dec,TOR,Kevin Gowdy,RP,27,,Agreed to Minor League contract (2025),,
3-Dec,TOR,Michael Stefanic,INF,29,1.063,Agreed to Minor League contract (2025),-0.4,0
3-Dec,WSN,Konnor Pilkington,SP,27,0.083,Agreed to Minor League contract (2025),,-0.5
2-Dec,CHC,Matthew Boyd,SP,34,8.057,Agreed to two-year contract (2025-26),0.9,3.4
2-Dec,NYM,Frankie Montas,SP,32,7.015,Agreed to two-year contract (2025-26),1.3,0
2-Dec,SDP,Yonathan Perlaza,OF,26,,Agreed to Minor League contract (2025),,
2-Dec,SEA,Dauris Valdez,RP,29,,Agreed to Minor League contract (2025),,
2-Dec,TEX,Kyle Higashioka,C,35,6.005,Agreed to two-year contract (2025-26),1.6,1
29-Nov,ATL,José Devers,INF,25,1.04,Agreed to Minor League contract (2025),0,
27-Nov,NYM,Génesis Cabrera,RP,28,5.011,Agreed to Minor League contract (2025),-0.4,-0.9
27-Nov,PHI,Rafael Lantigua,INF/OF,27,,Agreed to Minor League contract (2025),,
26-Nov,CHC,Phil Bickford,RP,29,2.162,Agreed to Minor League contract (2025),0,
26-Nov,LAD,Blake Snell,SP,32,8.072,Agreed to five-year contract (2025-29),3.1,1.9
26-Nov,SDP,Oscar Gonzalez,OF,27,1.04,Agreed to Minor League contract (2025),,-0.3
25-Nov,BAL,Franklin Barreto,OF/INF,29,3.031,Agreed to Minor League contract (2025),,
25-Nov,BAL,Jeremiah Jackson,INF,25,,Agreed to Minor League contract (2025),,0.8
25-Nov,BAL,Raúl Alcantara,RP,24,,Agreed to Minor League contract (2025),,
25-Nov,LAA,Yusei Kikuchi,SP,34,6,Agreed to three-year contract (2025-27),3.6,2.5
25-Nov,MIL,Thomas Pannone,SP,31,1.01,Agreed to Minor League contract (2025),,
25-Nov,MIL,Jared Oliva,OF,29,0.05,Agreed to Minor League contract (2025),,
25-Nov,STL,José Barrero,INF/OF,27,1.161,Agreed to Minor League contract (2025),,-0.2
24-Nov,CHW,Nick Maton,INF,28,2.017,Agreed to Minor League contract (2025),-0.1,-0.1
24-Nov,CHW,Cal Mitchell,OF,26,0.1,Agreed to Minor League contract (2025),,
22-Nov,ATL,Carlos Rodríguez,OF,24,0,Agreed to one-year contract (2025),,
22-Nov,CHC,Brooks Kriske,RP,31,0.121,Agreed to Minor League contract (2025),,0
22-Nov,CIN,Brady Singer,SP,28,4.156,Acquired from Royals for 2B Jonathan India and OF Joey Wiemer,2.5,2.9
22-Nov,CIN,Will Banfield,C,25,,Agreed to Minor League contract (2025),,-0.2
22-Nov,COL,Kyle Farmer,INF,34,6.129,Agreed to one-year contract (2025),0.5,-1.1
22-Nov,KCR,Jonathan India,2B,28,4,Acquired from Reds with OF Joey Wiemer for SP Brady Singer,2.9,-0.3
22-Nov,KCR,Joey Wiemer,OF,26,1.046,Acquired from Reds with 2B Jonathan India for SP Brady Singer,-0.3,0.4
22-Nov,LAD,Giovanny Gallegos,RP,33,6.041,Agreed to Minor League contract (2025),-0.5,
22-Nov,NYM,Jakson Reetz,C,29,0.043,Agreed to Minor League contract (2025),0,
22-Nov,PIT,Peter Strzelecki,RP,30,1.029,Acquired from Guardians for cash,0.1,
21-Nov,NYM,Joey Meneses,1B,33,1.164,Agreed to Minor League contract (2025),-1,
20-Nov,ATH,Drew Avans,OF,29,,Agreed to Minor League contract (2025),,-0.3
20-Nov,BOS,Nate Eaton,INF/OF,28,0.125,Agreed to Minor League contract (2025),,0.3
20-Nov,CHC,Eli Morgan,RP,29,3.091,Acquired from Guardians for OF Alfonsin Rosario,0.3,-0.3
20-Nov,CLE,Alfonsin Rosario,OF,21,,Acquired from Cubs for RP Eli Morgan,,
20-Nov,MIA,Robinson Piña,SP,26,,Agreed to Minor League contract (2025),,-0.1
20-Nov,MIN,Alex Speas,RP,27,0.012,Agreed to Minor League contract (2025),0,
19-Nov,ARI,Aramis Garcia,C,32,3.047,Agreed to Minor League contract (2025),-0.1,-0.1
19-Nov,MIL,Anthony Seigler,2B,26,,Agreed to Minor League contract (2025),,-0.2
19-Nov,NYM,Rafael Ortega,OF,34,3.057,Agreed to Minor League contract (2025),-0.1,
19-Nov,NYM,Jose Siri,OF,29,3.015,Acquired from Rays for RP Eric Orze,1.8,-0.4
19-Nov,PIT,Yerry Rodríguez,RP,27,0.111,Agreed to Minor League contract (2025),-0.7,
19-Nov,SEA,Austin Shenton,INF/OF,27,0.075,Acquired from Rays for cash,0.3,
19-Nov,SFG,Max Stassi,C,34,8.033,Agreed to Minor League contract (2025),,
19-Nov,TBR,Eric Orze,RP,27,0.01,Acquired from Mets for OF Jose Siri,-0.1,0.3
18-Nov,ATH,Carlos Cortes,OF,28,,Agreed to Minor League contract (2025),,0.7
18-Nov,BOS,Seby Zavala,C,31,2.146,Agreed to Minor League contract (2025),0,
18-Nov,CHW,Austin Slater,OF,32,6.147,Agreed to one-year contract (2025),-0.2,0
18-Nov,NYM,Donovan Walton,INF/OF,31,1.029,Agreed to Minor League contract (2025),-0.2,-0.1
18-Nov,NYM,Justin Hagenman,SP,28,0,Agreed to one-year contract (2025),,0.2
18-Nov,SDP,Harold Chirino,RP,27,,Agreed to Minor League contract (2025),,
18-Nov,SEA,Adonis Medina,RP,28,0.082,Agreed to Minor League contract (2025),,
18-Nov,SFG,Sergio Alcántara,INF,28,2.005,Agreed to Minor League contract (2025),,-0.1
17-Nov,DET,Jahmai Jones,OF/INF,27,1.033,Agreed to Minor League contract (2025),0.1,1.1
17-Nov,LAD,Justin Jarvis,SP,25,,Agreed to Minor League contract (2025),,
17-Nov,LAD,Joe Jacques,RP,30,0.097,Agreed to Minor League contract (2025),-0.1,
16-Nov,SFG,Juan Mercedes,SP,25,,Agreed to Minor League contract (2025),,
15-Nov,ARI,Connor Kaiser,INF,28,0.014,Agreed to Minor League contract (2025),,-0.2
15-Nov,ATH,Matt Krook,RP,30,0.048,Agreed to Minor League contract (2025),-0.1,0.1
15-Nov,ATH,Jason Alexander,SP,32,0.103,Agreed to Minor League contract (2025),,0.2
15-Nov,MIL,Raynel Delgado,INF,25,,Agreed to Minor League contract (2025),,
15-Nov,MIL,Jimmy Herron,OF,28,,Agreed to Minor League contract (2025),,
15-Nov,PHI,Nicholas Padilla,RP,28,0.04,Agreed to Minor League contract (2025),,
15-Nov,PHI,Austin Schulfer,RP,29,,Agreed to Minor League contract (2025),,
15-Nov,SFG,Joel Peguero,RP,28,,Agreed to Minor League contract (2025),,0
15-Nov,TEX,Caleb Boushley,SP,31,0.009,Agreed to Minor League contract (2025),0,0.2
15-Nov,WSN,Clay Helvey,RP,28,,Agreed to Minor League contract (2025),,
14-Nov,ARI,Juan Morillo,RP,26,,Agreed to Minor League contract (2025),,0.3
14-Nov,BAL,Robinson Martínez,RP,27,,Agreed to Minor League contract (2025),,
14-Nov,BOS,Justin Wilson,RP,37,12.035,Agreed to one-year contract (2025),0.1,1
14-Nov,COL,Jack O'Loughlin,SP,25,0.027,Agreed to Minor League contract (2025),0,
14-Nov,LAA,Kevin Newman,INF,31,6.046,Agreed to one-year contract (2025),1.4,-0.8
14-Nov,SFG,Logan Porter,C/1B,29,0.021,Agreed to Minor League contract (2025),,0
13-Nov,ATH,Tanner Dodson,RP,28,,Agreed to Minor League contract (2025),,
13-Nov,ATL,Charles Leblanc,INF,29,0.104,Agreed to Minor League contract (2025),0.1,
13-Nov,ATL,Enoli Paredes,RP,29,2.06,Agreed to Minor League contract (2025),0.2,
13-Nov,BAL,Vimael Machín,INF,31,1.141,Agreed to Minor League contract (2025),,0
13-Nov,MIA,John Rooney,RP,28,,Agreed to Minor League contract (2025),,-0.1
13-Nov,MIA,Heriberto Hernández,OF,25,,Agreed to Minor League contract (2025),,1.3
13-Nov,MIA,Ronny Simon,INF/OF,25,,Agreed to Minor League contract (2025),,-0.6
13-Nov,SDP,Trenton Brooks,1B/OF,29,0.035,Agreed to Minor League contract (2025),-0.2,-0.5
13-Nov,TEX,Luis Curvelo,RP,24,0,Agreed to one-year contract (2025),,0
12-Nov,LAA,Travis d'Arnaud,C,36,11.044,Agreed to two-year contract (2025-26),1.8,-0.3
12-Nov,NYY,Pablo Reyes,INF/OF,31,2.096,Agreed to Minor League contract (2025),-0.7,-0.4
11-Nov,ATH,Jared Johnson,RP,24,,Acquired from Braves for INF Nick Allen,,
11-Nov,ATL,Nick Allen,INF,26,1.164,Acquired from Athletics for RP Jared Johnson,-0.6,0.7
11-Nov,NYY,Cristian Hernandez,RP,24,,Agreed to Minor League contract (2025),,
9-Nov,CLE,Parker Mushinski,RP,29,1.049,Agreed to Minor League contract (2025),-0.1,
8-Nov,CHW,Justin Dunn,SP,29,4.02,Agreed to Minor League contract (2025),,
8-Nov,COL,Jimmy Herget,RP,31,3.069,Claimed off waivers from Cubs,0.1,1.3
8-Nov,NYY,Brandon Leibrandt,SP/RP,32,0.126,Agreed to Minor League contract (2025),-0.2,
7-Nov,STL,Michael Gomez,RP,28,,Agreed to Minor League contract (2025),,
6-Nov,LAA,Kyle Hendricks,SP,35,10.081,Agreed to one-year contract (2025),0.4,1.8
6-Nov,NYM,Rico Garcia,RP,31,1.042,Agreed to Minor League contract (2025),,0.3
6-Nov,SDP,Eduarniel Núñez,RP,26,,Agreed to Minor League contract (2025),,-0.2
5-Nov,HOU,Steven Okert,RP,33,4.089,Agreed to Minor League contract (2025),-0.2,1.6
4-Nov,ATH,Justin Sterner,RP,28,0.007,Claimed off waivers from Rays,0.1,0.3
4-Nov,ATH,Anthony Maldonado,RP,27,0.051,Claimed off waivers from Marlins,0.2,-0.2
4-Nov,BAL,Thaddeus Ward,SP,28,1,Claimed off waivers from Nationals,,
4-Nov,CHW,Penn Murfee,RP,31,2.169,Claimed off waivers from Astros,,-0.1
4-Nov,HOU,Taylor Trammell,OF,27,1.144,Acquired from Yankees for cash,-0.1,-0.2
4-Nov,NYM,Kevin Herget,RP,34,0.102,Claimed off waivers from Brewers,0.1,0.1
4-Nov,NYM,Luis De Los Santos,INF,27,0.042,Claimed off waivers from Blue Jays,-0.1,
4-Nov,PHI,John McMillon,RP,27,0.099,Claimed off waivers from Marlins,0.1,
4-Nov,PHI,Devin Sweet,RP,28,0.047,Acquired from Tigers for cash,,
2-Nov,ATH,Alejo Lopez,INF/OF,29,0.147,Agreed to Minor League contract (2025),,
2-Nov,COL,Owen Miller,INF/OF,28,2.108,Acquired from Brewers for cash,-0.3,0
1-Nov,ATL,Royber Salinas,SP,24,0,Claimed off waivers from Athletics,,
1-Nov,BAL,Rodolfo Martinez,RP,31,,Agreed to Minor League contract (2025),,
1-Nov,LAA,Scott Kingery,INF/OF,31,3.047,Acquired from Phillies for cash,,-0.4
1-Nov,LAA,Ryan Noda,1B/OF,29,1.055,Claimed off waivers from Athletics,-0.6,-0.4
1-Nov,MIA,Christian Roa,RP,26,0.042,Claimed off waivers from Reds,,0
1-Nov,STL,Roddery Muñoz,SP,25,0.087,Claimed off waivers from Marlins,-1.6,-0.3
31-Oct,BAL,Daz Cameron,OF,28,1.162,Acquired from Athletics for cash,-0.4,-0.1
31-Oct,BAL,Yaramil Hiraldo,RP,29,,Agreed to Minor League contract (2025),,0
31-Oct,LAA,Jorge Soler,OF,33,9.143,Acquired from Braves for SP Griffin Canning,1.1,-0.3
28-Oct,NYM,Chris Devenski,RP,34,7.115,Agreed to Minor League contract (2025),-0.7,0.1
19-Oct,ATL,Zach Thompson,SP/RP,31,1.121,Agreed to Minor League contract (2025),,0.1
18-Oct,NYY,Geoff Hartlieb,RP,31,1.158,Agreed to Minor League contract (2025),0,-0.2
15-Oct,SEA,Nick Dunn,INF,28,,Agreed to Minor League contract (2025),,
13-Oct,PIT,Yohan Ramírez,RP,30,3.055,Agreed to Minor League contract (2025),0.1,0.2
1-Oct,MIL,Vinny Nittoli,RP,34,0.096,Agreed to Minor League contract (2025),0.1,