player_id,player_name,from_team,to_team,type,description,war
621107,Zach Eflin,BAL,,Declared Free Agency,RHP Zach Eflin elected free agency.,2.566666666666667
621111,Walker Buehler,PHI,,Declared Free Agency,RHP Walker Buehler elected free agency.,0.0
596146,Max Kepler,PHI,,Declared Free Agency,LF Max Kepler elected free agency.,1.4000000000000001
624424,Michael Conforto,LAD,,Declared Free Agency,LF Michael Conforto elected free agency.,0.5
641745,Brad Keller,CHC,,Declared Free Agency,RHP Brad Keller elected free agency.,0.43333333333333335
640448,Kyle Finnegan,DET,,Declared Free Agency,RHP Kyle Finnegan elected free agency.,0.5
571912,Luke Maile,KC,,Declared Free Agency,C Luke Maile elected free agency.,0.26666666666666666
657557,Paul DeJong,WSH,,Declared Free Agency,3B Paul DeJong elected free agency.,0.8333333333333334
657041,Lane Thomas,CLE,,Declared Free Agency,CF Lane Thomas elected free agency.,1.2666666666666666
502171,Alex Cobb,DET,,Declared Free Agency,RHP Alex Cobb elected free agency.,1.05
657571,Caleb Ferguson,SEA,,Declared Free Agency,LHP Caleb Ferguson elected free agency.,0.7999999999999999
592351,Jon Gray,TEX,,Declared Free Agency,RHP Jon Gray elected free agency.,1.1666666666666667
445276,Kenley Jansen,LAA,,Declared Free Agency,RHP Kenley Jansen elected free agency.,1.0333333333333334
518489,Ryan Brasier,CHC,,Declared Free Agency,RHP Ryan Brasier elected free agency.,0.6
624133,Ranger Suárez,PHI,,Declared Free Agency,LHP Ranger Suárez elected free agency.,3.266666666666667
607259,Nick Martinez,CIN,,Declared Free Agency,RHP Nick Martinez elected free agency.,2.3000000000000003
605177,Andrew Chafin,LAA,,Declared Free Agency,LHP Andrew Chafin elected free agency.,0.43333333333333335
606115,Orlando Arcia,COL,,Declared Free Agency,SS Orlando Arcia elected free agency.,0.7666666666666666
571882,Derek Law,WSH,,Declared Free Agency,RHP Derek Law elected free agency.,0.7000000000000001
669160,Dustin May,BOS,,Declared Free Agency,RHP Dustin May elected free agency.,1.05
608701,Rob Refsnyder,BOS,,Declared Free Agency,RF Rob Refsnyder elected free agency.,0.9333333333333332
458677,Justin Wilson,BOS,,Declared Free Agency,LHP Justin Wilson elected free agency.,0.55
642133,Rowdy Tellez,TEX,,Declared Free Agency,1B Rowdy Tellez elected free agency.,0.03333333333333333
656941,Kyle Schwarber,PHI,,Declared Free Agency,LF Kyle Schwarber elected free agency.,3.033333333333333
663898,Brendan Rodgers,HOU,,Declared Free Agency,2B Brendan Rodgers elected free agency.,0.23333333333333336
621035,Chris Taylor,LAA,,Declared Free Agency,CF Chris Taylor elected free agency.,0.06666666666666665
642152,Lou Trivino,PHI,,Declared Free Agency,RHP Lou Trivino elected free agency.,0.0
647304,Josh Naylor,SEA,,Declared Free Agency,1B Josh Naylor elected free agency.,2.6999999999999997
489119,Wade Miley,CIN,,Declared Free Agency,LHP Wade Miley elected free agency.,0.3333333333333333
606160,Rafael Montero,DET,,Declared Free Agency,RHP Rafael Montero elected free agency.,0.06666666666666667
570632,José Ureña,LAA,,Declared Free Agency,RHP José Ureña elected free agency.,0.0
542303,Marcell Ozuna,ATL,,Declared Free Agency,DH Marcell Ozuna elected free agency.,3.033333333333333
608372,Tomoyuki Sugano,BAL,,Declared Free Agency,RHP Tomoyuki Sugano elected free agency.,0.0
571945,Miles Mikolas,STL,,Declared Free Agency,RHP Miles Mikolas elected free agency.,1.7333333333333334
573124,Taylor Rogers,CHC,,Declared Free Agency,LHP Taylor Rogers elected free agency.,0.2333333333333333
519326,Hunter Strickland,LAA,,Declared Free Agency,RHP Hunter Strickland elected free agency.,0.1
592426,Luke Jackson,SEA,,Declared Free Agency,RHP Luke Jackson elected free agency.,0.13333333333333333
664238,Dylan Moore,TEX,,Declared Free Agency,2B Dylan Moore elected free agency.,0.9333333333333332
542881,Tyler Anderson,LAA,,Declared Free Agency,LHP Tyler Anderson elected free agency.,0.9
434378,Justin Verlander,SF,,Declared Free Agency,RHP Justin Verlander elected free agency.,2.1
455119,Chris Martin,TEX,,Declared Free Agency,RHP Chris Martin elected free agency.,1.0
663656,Kyle Tucker,CHC,,Declared Free Agency,RF Kyle Tucker elected free agency.,4.533333333333334
571946,Shelby Miller,MIL,,Declared Free Agency,RHP Shelby Miller elected free agency.,0.3666666666666667
642708,Amed Rosario,NYY,,Declared Free Agency,3B Amed Rosario elected free agency.,0.3333333333333333
600917,José Leclerc,ATH,,Declared Free Agency,RHP José Leclerc elected free agency.,0.5333333333333333
502085,David Robertson,PHI,,Declared Free Agency,RHP David Robertson elected free agency.,1.0
642397,Gregory Soto,NYM,,Declared Free Agency,LHP Gregory Soto elected free agency.,0.7000000000000001
592773,Ryne Stanek,NYM,,Declared Free Agency,RHP Ryne Stanek elected free agency.,0.06666666666666667
605135,Chris Bassitt,TOR,,Declared Free Agency,RHP Chris Bassitt elected free agency.,2.433333333333333
467793,Carlos Santana,CHC,,Declared Free Agency,1B Carlos Santana elected free agency.,1.5666666666666667
572191,Michael A. Taylor,CWS,,Declared Free Agency,RF Michael A. Taylor elected free agency.,0.7333333333333333
609280,Miguel Andujar,CIN,,Declared Free Agency,LF Miguel Andujar elected free agency.,0.6
650333,Luis Arraez,SD,,Declared Free Agency,1B Luis Arraez elected free agency.,1.8
596133,Luke Weaver,NYY,,Declared Free Agency,RHP Luke Weaver elected free agency.,0.6333333333333333
642207,Devin Williams,NYY,,Declared Free Agency,RHP Devin Williams elected free agency.,1.3333333333333333
664208,Phil Maton,TEX,,Declared Free Agency,RHP Phil Maton elected free agency.,0.7333333333333334
624428,Adam Frazier,KC,,Declared Free Agency,2B Adam Frazier elected free agency.,0.19999999999999998
596103,Austin Slater,NYY,,Declared Free Agency,LF Austin Slater elected free agency.,0.16666666666666666
656794,Sean Newcomb,ATH,,Declared Free Agency,LHP Sean Newcomb elected free agency.,0.6333333333333333
641835,Tim Mayza,PHI,,Declared Free Agency,LHP Tim Mayza elected free agency.,0.43333333333333335
571927,Steven Matz,BOS,,Declared Free Agency,LHP Steven Matz elected free agency.,1.0333333333333334
641941,Emilio Pagán,CIN,,Declared Free Agency,RHP Emilio Pagán elected free agency.,0.9
650402,Gleyber Torres,DET,,Declared Free Agency,2B Gleyber Torres elected free agency.,2.6999999999999997
592663,J.T. Realmuto,PHI,,Declared Free Agency,C J.T. Realmuto elected free agency.,2.033333333333333
605288,Adrian Houser,TB,,Declared Free Agency,RHP Adrian Houser elected free agency.,1.3333333333333333
542888,Shawn Armstrong,TEX,,Declared Free Agency,RHP Shawn Armstrong elected free agency.,1.1333333333333333
664285,Framber Valdez,HOU,,Declared Free Agency,LHP Framber Valdez elected free agency.,4.033333333333334
656811,Ryan O'Hearn,SD,,Declared Free Agency,1B Ryan O'Hearn elected free agency.,2.033333333333333
527038,Wilmer Flores,SF,,Declared Free Agency,1B Wilmer Flores elected free agency.,0.4666666666666666
596142,Gary Sánchez,BAL,,Declared Free Agency,C Gary Sánchez elected free agency.,0.6333333333333334
489446,Kirby Yates,LAD,,Declared Free Agency,RHP Kirby Yates elected free agency.,0.6333333333333333
578428,Jose Iglesias,SD,,Declared Free Agency,2B Jose Iglesias elected free agency.,1.15
596001,Jakob Junis,CLE,,Declared Free Agency,RHP Jakob Junis elected free agency.,0.7333333333333334
573262,Mike Yastrzemski,KC,,Declared Free Agency,RF Mike Yastrzemski elected free agency.,1.8999999999999997
641816,Tyler Mahle,TEX,,Declared Free Agency,RHP Tyler Mahle elected free agency.,0.8333333333333334
571948,Hoby Milner,TEX,,Declared Free Agency,LHP Hoby Milner elected free agency.,0.9666666666666667
650644,Aaron Civale,CHC,,Declared Free Agency,RHP Aaron Civale elected free agency.,1.4666666666666668
641302,Tyler Alexander,CWS,,Declared Free Agency,LHP Tyler Alexander elected free agency.,0.46666666666666673
640451,Hunter Harvey,KC,,Declared Free Agency,RHP Hunter Harvey elected free agency.,0.8333333333333334
621112,Paul Blackburn,NYY,,Declared Free Agency,RHP Paul Blackburn elected free agency.,0.7333333333333334
628452,Raisel Iglesias,ATL,,Declared Free Agency,RHP Raisel Iglesias elected free agency.,1.2
666182,Bo Bichette,TOR,,Declared Free Agency,SS Bo Bichette elected free agency.,2.6666666666666665
664034,Ty France,TOR,,Declared Free Agency,1B Ty France elected free agency.,0.4666666666666666
650489,Willi Castro,CHC,,Declared Free Agency,LF Willi Castro elected free agency.,2.0
608566,Germán Márquez,COL,,Declared Free Agency,RHP Germán Márquez elected free agency.,0.16666666666666666
650859,Luis Rengifo,LAA,,Declared Free Agency,3B Luis Rengifo elected free agency.,1.0666666666666667
543056,Danny Coulombe,TEX,,Declared Free Agency,LHP Danny Coulombe elected free agency.,0.8666666666666666
622554,Seranthony Domínguez,TOR,,Declared Free Agency,RHP Seranthony Domínguez elected free agency.,0.3333333333333333
656288,Griffin Canning,NYM,,Declared Free Agency,RHP Griffin Canning elected free agency.,0.9333333333333335
612434,Miguel Castro,CWS,,Declared Free Agency,RHP Miguel Castro elected free agency.,0.06666666666666667
502054,Tommy Pham,PIT,,Declared Free Agency,LF Tommy Pham elected free agency.,0.6666666666666666
642086,Dominic Smith,SF,,Declared Free Agency,1B Dominic Smith elected free agency.,0.16666666666666666
605137,Josh Bell,WSH,,Declared Free Agency,1B Josh Bell elected free agency.,0.13333333333333333
643396,Isiah Kiner-Falefa,TOR,,Declared Free Agency,SS Isiah Kiner-Falefa elected free agency.,1.1333333333333333
453286,Max Scherzer,TOR,,Declared Free Agency,RHP Max Scherzer elected free agency.,1.0666666666666667
663978,Chris Paddack,DET,,Declared Free Agency,RHP Chris Paddack elected free agency.,0.6333333333333334
500743,Miguel Rojas,LAD,,Declared Free Agency,2B Miguel Rojas elected free agency.,1.7
656756,Jordan Montgomery,MIL,,Declared Free Agency,LHP Jordan Montgomery elected free agency.,2.4
456781,Donovan Solano,TEX,,Declared Free Agency,1B Donovan Solano elected free agency.,0.6333333333333334
656222,Jalen Beeks,AZ,,Declared Free Agency,LHP Jalen Beeks elected free agency.,0.43333333333333335
450203,Charlie Morton,ATL,,Declared Free Agency,RHP Charlie Morton elected free agency.,1.366666666666667
457705,Andrew McCutchen,PIT,,Declared Free Agency,RF Andrew McCutchen elected free agency.,0.5666666666666667
571578,Patrick Corbin,TEX,,Declared Free Agency,LHP Patrick Corbin elected free agency.,1.4666666666666668
518886,Craig Kimbrel,HOU,,Declared Free Agency,RHP Craig Kimbrel elected free agency.,0.43333333333333335
664854,Ryan Helsley,NYM,,Declared Free Agency,RHP Ryan Helsley elected free agency.,1.3333333333333333
650633,Michael King,SD,,Declared Free Agency,RHP Michael King elected free agency.,2.3000000000000003
502671,Paul Goldschmidt,NYY,,Declared Free Agency,1B Paul Goldschmidt elected free agency.,1.8
518876,Merrill Kelly,TEX,,Declared Free Agency,RHP Merrill Kelly elected free agency.,2.3000000000000003
543294,Kyle Hendricks,LAA,,Declared Free Agency,RHP Kyle Hendricks elected free agency.,1.6333333333333335
543877,Christian Vázquez,MIN,,Declared Free Agency,C Christian Vázquez elected free agency.,0.6
516782,Starling Marte,NYM,,Declared Free Agency,LF Starling Marte elected free agency.,0.3333333333333333
656775,Cedric Mullins,NYM,,Declared Free Agency,CF Cedric Mullins elected free agency.,1.7333333333333334
643511,Tyler Rogers,NYM,,Declared Free Agency,RHP Tyler Rogers elected free agency.,0.8333333333333334
641793,Zack Littell,CIN,,Declared Free Agency,RHP Zack Littell elected free agency.,1.6333333333333335
663757,Trent Grisham,NYY,,Declared Free Agency,CF Trent Grisham elected free agency.,1.8
553993,Eugenio Suárez,SEA,,Declared Free Agency,3B Eugenio Suárez elected free agency.,3.6999999999999997
656629,Michael Kopech,LAD,,Declared Free Agency,RHP Michael Kopech elected free agency.,0.13333333333333333
519141,Drew Pomeranz,CHC,,Declared Free Agency,LHP Drew Pomeranz elected free agency.,0.7
573204,Caleb Thielbar,CHC,,Declared Free Agency,LHP Caleb Thielbar elected free agency.,0.46666666666666673
572191,Michael A. Taylor,CWS,,Declared Free Agency,RF Michael A. Taylor elected free agency.,0.7333333333333333
472610,Luis García,LAA,,Declared Free Agency,RHP Luis García elected free agency.,0.36666666666666664
660162,Yoán Moncada,LAA,,Declared Free Agency,3B Yoán Moncada elected free agency.,0.7333333333333333
668678,Zac Gallen,AZ,,Declared Free Agency,RHP Zac Gallen elected free agency.,3.033333333333333
543510,James McCann,AZ,,Declared Free Agency,C James McCann elected free agency.,0.39999999999999997
605170,Victor Caratini,HOU,,Declared Free Agency,C Victor Caratini elected free agency.,1.3
477132,Clayton Kershaw,LAD,,Declared Free Agency,LHP Clayton Kershaw elected free agency.,1.8666666666666665
605447,Jordan Romano,PHI,,Declared Free Agency,RHP Jordan Romano elected free agency.,0.39999999999999997
656302,Dylan Cease,SD,,Declared Free Agency,RHP Dylan Cease elected free agency.,3.9
641482,Nestor Cortes,SD,,Declared Free Agency,LHP Nestor Cortes elected free agency.,1.3
592454,Tommy Kahnle,DET,,Declared Free Agency,RHP Tommy Kahnle elected free agency.,0.13333333333333333
571771,Enrique Hernández,LAD,,Declared Free Agency,1B Enrique Hernández elected free agency.,-0.20000000000000004
608385,Jesse Winker,NYM,,Declared Free Agency,LF Jesse Winker elected free agency.,0.16666666666666663
543518,Scott McGough,ATH,,Declared Free Agency,RHP Scott McGough elected free agency.,0.0
455117,Martín Maldonado,SD,,Declared Free Agency,C Martín Maldonado elected free agency.,-0.7999999999999999
571760,Andrew Heaney,LAD,,Declared Free Agency,LHP Andrew Heaney elected free agency.,1.1333333333333335
642232,Ryan Yarbrough,NYY,,Declared Free Agency,LHP Ryan Yarbrough elected free agency.,0.3333333333333333
647336,Michael Soroka,CHC,,Declared Free Agency,RHP Michael Soroka elected free agency.,0.5
547179,Michael Lorenzen,KC,,Declared Free Agency,RHP Michael Lorenzen elected free agency.,1.2
641598,Mitch Garver,SEA,,Declared Free Agency,C Mitch Garver elected free agency.,0.6000000000000001
608596,Tom Murphy,SF,,Declared Free Agency,C Tom Murphy elected free agency.,0.15000000000000002
643376,Danny Jansen,MIL,,Declared Free Agency,C Danny Jansen elected free agency.,1.2666666666666666
605540,Brandon Woodruff,MIL,,Declared Free Agency,RHP Brandon Woodruff elected free agency.,1.6
668723,Ryan Vilade,CIN,TB,trade,Cincinnati Reds traded RF Ryan Vilade to Tampa Bay Rays for cash.,-0.25
624522,Keegan Thompson,,CIN,Signed as Free Agent,Cincinnati Reds signed free agent RHP Keegan Thompson.,0.15000000000000002
656555,Rhys Hoskins,MIL,,Declared Free Agency,1B Rhys Hoskins elected free agency.,0.55
527048,Martín Pérez,CWS,,Declared Free Agency,LHP Martín Pérez elected free agency.,0.5333333333333333
571657,Kyle Farmer,COL,,Declared Free Agency,2B Kyle Farmer elected free agency.,0.6
621242,Edwin Díaz,NYM,,Declared Free Agency,RHP Edwin Díaz elected free agency.,1.55
673490,Ha-Seong Kim,ATL,,Declared Free Agency,SS Ha-Seong Kim elected free agency.,2.3666666666666667
641355,Cody Bellinger,NYY,,Declared Free Agency,LF Cody Bellinger elected free agency.,3.8000000000000003
608324,Alex Bregman,BOS,,Declared Free Agency,3B Alex Bregman elected free agency.,4.033333333333334
664056,Harrison Bader,PHI,,Declared Free Agency,LF Harrison Bader elected free agency.,1.7666666666666666
684007,Shota Imanaga,CHC,,Declared Free Agency,LHP Shota Imanaga elected free agency.,2.0
622098,Drew Smith,NYM,,Declared Free Agency,RHP Drew Smith elected free agency.,0.2
608337,Lucas Giolito,BOS,,Declared Free Agency,RHP Lucas Giolito elected free agency.,1.45
545341,Randal Grichuk,KC,,Declared Free Agency,RF Randal Grichuk elected free agency.,0.6
660730,Elvin Rodríguez,AZ,,Declared Free Agency,RHP Elvin Rodríguez elected free agency.,0.1
606996,Kyle Hart,SD,,Declared Free Agency,LHP Kyle Hart elected free agency.,0.0
553869,Elias Díaz,SD,,Declared Free Agency,C Elias Díaz elected free agency.,0.26666666666666666
663158,Robert Suarez,SD,,Declared Free Agency,RHP Robert Suarez elected free agency.,0.9333333333333332
624413,Pete Alonso,NYM,,Declared Free Agency,1B Pete Alonso elected free agency.,2.8333333333333335
500779,Jose Quintana,MIL,,Declared Free Agency,LHP Jose Quintana elected free agency.,1.1333333333333335
521230,Liam Hendriks,BOS,,Declared Free Agency,RHP Liam Hendriks elected free agency.,0.0
686249,Nathan Wiles,ATL,,Released,Atlanta Braves released RHP Nathan Wiles.,0.0
680702,Joey Gerber,TB,NYM,trade,Tampa Bay Rays traded RHP Joey Gerber to New York Mets for cash.,0.0
552640,Andrew Kittredge,CHC,BAL,trade,Chicago Cubs traded RHP Andrew Kittredge to Baltimore Orioles for cash.,0.39999999999999997
593871,Jorge Polanco,SEA,,Declared Free Agency,2B Jorge Polanco elected free agency.,1.4000000000000001
669720,Austin Hays,CIN,,Declared Free Agency,LF Austin Hays elected free agency.,1.366666666666667
608718,Brent Suter,CIN,,Declared Free Agency,LHP Brent Suter elected free agency.,0.5333333333333333
605130,Scott Barlow,CIN,,Declared Free Agency,RHP Scott Barlow elected free agency.,0.3666666666666667
642528,Jonathan Loáisiga,NYY,,Declared Free Agency,RHP Jonathan Loáisiga elected free agency.,0.03333333333333333
671305,Michel Otañez,,TEX,Claimed Off Waivers,Texas Rangers claimed RHP Michel Otañez off waivers from Athletics.,0.0
687859,Troy Johnston,,COL,Claimed Off Waivers,Colorado Rockies claimed OF Troy Johnston off waivers from Miami Marlins.,0.0
677961,Cole Wilcox,TB,SEA,trade,Tampa Bay Rays traded RHP Cole Wilcox to Seattle Mariners for cash.,0.0
680862,Willie MacIver,,TEX,Claimed Off Waivers,Texas Rangers claimed C Willie MacIver off waivers from Athletics.,0.0
666277,George Soriano,,BAL,Claimed Off Waivers,Baltimore Orioles claimed RHP George Soriano off waivers from Miami Marlins.,0.06666666666666667
642731,Thairo Estrada,COL,,Declared Free Agency,2B Thairo Estrada elected free agency.,1.2
621114,Ryan Burr,TOR,,Declared Free Agency,RHP Ryan Burr elected free agency.,0.3
623149,Paul Sewald,DET,,Declared Free Agency,RHP Paul Sewald elected free agency.,0.3666666666666667
664126,Pete Fairbanks,TB,,Declared Free Agency,RHP Pete Fairbanks elected free agency.,0.9666666666666667
677651,Luis Garcia,HOU,,Declared Free Agency,RHP Luis Garcia elected free agency.,0.39999999999999997
622253,Dillon Tate,TOR,,Declared Free Agency,RHP Dillon Tate elected free agency.,0.1
572955,Pierce Johnson,ATL,,Declared Free Agency,RHP Pierce Johnson elected free agency.,0.5
656412,Alex Faedo,TB,,Declared Free Agency,RHP Alex Faedo elected free agency.,0.25
457759,Justin Turner,CHC,,Declared Free Agency,1B Justin Turner elected free agency.,0.7000000000000001
666185,Dylan Carlson,BAL,,Declared Free Agency,LF Dylan Carlson elected free agency.,-0.46666666666666673
545121,Ildemaro Vargas,AZ,,Declared Free Agency,2B Ildemaro Vargas elected free agency.,0.26666666666666666
663611,Nick Madrigal,NYM,,Declared Free Agency,3B Nick Madrigal elected free agency.,0.3
664353,José Urquidy,DET,,Declared Free Agency,RHP José Urquidy elected free agency.,0.1
641755,Tyler Kinley,ATL,,Declared Free Agency,RHP Tyler Kinley elected free agency.,0.3333333333333333
607644,John Means,CLE,,Declared Free Agency,LHP John Means elected free agency.,0.35
656413,Stuart Fairchild,TB,,Declared Free Agency,RF Stuart Fairchild elected free agency.,0.39999999999999997
676961,Caleb Boushley,TB,,Declared Free Agency,RHP Caleb Boushley elected free agency.,0.06666666666666667
622761,Jorge Mateo,BAL,,Declared Free Agency,SS Jorge Mateo elected free agency.,0.43333333333333335
665750,Leody Taveras,,BAL,Signed as Free Agent,Baltimore Orioles signed free agent OF Leody Taveras.,0.9666666666666667
694350,Zach Brzykcy,,MIA,Claimed Off Waivers,Miami Marlins claimed RHP Zach Brzykcy off waivers from Washington Nationals.,0.0
681909,Justin Dean,,SF,Claimed Off Waivers,San Francisco Giants claimed CF Justin Dean off waivers from Los Angeles Dodgers.,0.0
665665,Reiver Sanmartin,,SF,Claimed Off Waivers,San Francisco Giants claimed LHP Reiver Sanmartin off waivers from Cincinnati Reds.,0.0
620454,José Castillo,,NYM,Claimed Off Waivers,New York Mets claimed LHP José Castillo off waivers from Baltimore Orioles.,0.0
678225,Ji Hwan Bae,,NYM,Claimed Off Waivers,New York Mets claimed CF Ji Hwan Bae off waivers from Pittsburgh Pirates.,-0.3333333333333333
702795,Ryan Loutos,,SEA,Claimed Off Waivers,Seattle Mariners claimed RHP Ryan Loutos off waivers from Washington Nationals.,0.0
669193,Jack Little,,DET,Claimed Off Waivers,Detroit Tigers claimed RHP Jack Little off waivers from Pittsburgh Pirates.,0.0
672279,Michael Siani,,ATL,Claimed Off Waivers,Atlanta Braves claimed CF Michael Siani off waivers from St. Louis Cardinals.,0.30000000000000004
641584,Jake Fraley,,TB,Claimed Off Waivers,Tampa Bay Rays claimed RF Jake Fraley off waivers from Atlanta Braves.,0.7999999999999999
682610,Roddery Muñoz,,CIN,Claimed Off Waivers,Cincinnati Reds claimed RHP Roddery Muñoz off waivers from St. Louis Cardinals.,0.0
689520,Cody Laweryson,,LAA,Claimed Off Waivers,Los Angeles Angels claimed RHP Cody Laweryson off waivers from Minnesota Twins.,0.0
670183,Garrett Acton,,COL,Claimed Off Waivers,Colorado Rockies claimed RHP Garrett Acton off waivers from Tampa Bay Rays.,0.0
694175,Pedro León,,BAL,Claimed Off Waivers,Baltimore Orioles claimed RF Pedro León off waivers from Houston Astros.,0.0
670224,Kameron Misner,TB,KC,trade,Tampa Bay Rays traded CF Kameron Misner to Kansas City Royals for Player To Be Named Later.,0.0
696131,Mason Black,SF,KC,trade,San Francisco Giants traded RHP Mason Black to Kansas City Royals for RHP Logan Martin.,0.0
814803,Logan Martin,KC,SF,trade,San Francisco Giants traded RHP Mason Black to Kansas City Royals for RHP Logan Martin.,0.0
676044,Bob Seymour,TB,,Released,Tampa Bay Rays released 1B Bob Seymour.,0.0
672710,Roansy Contreras,COL,,Released,Colorado Rockies released RHP Roansy Contreras.,0.03333333333333333
666163,Ben Rortvedt,,CIN,Claimed Off Waivers,Cincinnati Reds claimed C Ben Rortvedt off waivers from Los Angeles Dodgers.,0.3
699911,Dugan Darnell,,DET,Claimed Off Waivers,Detroit Tigers claimed RHP Dugan Darnell off waivers from Pittsburgh Pirates.,0.0
685068,Carson Ragsdale,,ATL,Claimed Off Waivers,Atlanta Braves claimed RHP Carson Ragsdale off waivers from Baltimore Orioles.,0.0
677020,Josh Walker,,ATL,Claimed Off Waivers,Atlanta Braves claimed LHP Josh Walker off waivers from Baltimore Orioles.,0.03333333333333333
673662,Robinson Ortiz,LAD,SEA,trade,Los Angeles Dodgers traded LHP Robinson Ortiz to Seattle Mariners for RHP Tyler Gough.,0.0
702640,Tyler Gough,SEA,LAD,trade,Los Angeles Dodgers traded LHP Robinson Ortiz to Seattle Mariners for RHP Tyler Gough.,0.0
647304,Josh Naylor,,SEA,Signed as Free Agent,Seattle Mariners signed free agent 1B Josh Naylor.,2.6999999999999997
606996,Kyle Hart,,SD,Signed as Free Agent,San Diego Padres signed free agent LHP Kyle Hart.,0.0
605540,Brandon Woodruff,,MIL,Signed as Free Agent,Milwaukee Brewers signed free agent RHP Brandon Woodruff.,1.6
650402,Gleyber Torres,,DET,Signed as Free Agent,Detroit Tigers signed free agent 2B Gleyber Torres.,2.6999999999999997
687478,Cam Devanney,PIT,,Released,Pittsburgh Pirates released SS Cam Devanney.,0.0
663757,Trent Grisham,,NYY,Signed as Free Agent,New York Yankees signed free agent CF Trent Grisham.,1.8
666215,Forrest Whitley,TB,,Released,Tampa Bay Rays released RHP Forrest Whitley.,0.0
656638,Alex Lange,DET,,Released,Detroit Tigers released RHP Alex Lange.,0.03333333333333333
684007,Shota Imanaga,,CHC,Signed as Free Agent,Chicago Cubs signed free agent LHP Shota Imanaga.,2.0
695380,Alex Hoppe,BOS,SEA,trade,Boston Red Sox traded RHP Alex Hoppe to Seattle Mariners for C Luke Heyman.,0.0
701326,Luke Heyman,SEA,BOS,trade,Boston Red Sox traded RHP Alex Hoppe to Seattle Mariners for C Luke Heyman.,0.0
685274,Braiden Ward,COL,BOS,trade,Boston Red Sox traded LHP Brennan Bernardino to Colorado Rockies for CF Braiden Ward.,0.0
657514,Brennan Bernardino,BOS,COL,trade,Boston Red Sox traded LHP Brennan Bernardino to Colorado Rockies for CF Braiden Ward.,0.5
695020,Tanner Murray,TB,CWS,trade,Chicago White Sox traded RHP Steven Wilson and RHP Yoendrys Gómez to Tampa Bay Rays for CF Everson Pereira and 2B Tanner Murray.,0.0
672782,Yoendrys Gómez,CWS,TB,trade,Chicago White Sox traded RHP Steven Wilson and RHP Yoendrys Gómez to Tampa Bay Rays for CF Everson Pereira and 2B Tanner Murray.,0.03333333333333333
805082,Ronny Hernandez,CWS,BOS,trade,Boston Red Sox traded LHP Chris Murphy to Chicago White Sox for C Ronny Hernandez.,0.0
669684,Chris Murphy,BOS,CWS,trade,Boston Red Sox traded LHP Chris Murphy to Chicago White Sox for C Ronny Hernandez.,0.2
679358,Eric Orze,TB,MIN,trade,Tampa Bay Rays traded RHP Eric Orze to Minnesota Twins for RHP Jacob Kisting.,0.0
827526,Jacob Kisting,MIN,TB,trade,Tampa Bay Rays traded RHP Eric Orze to Minnesota Twins for RHP Jacob Kisting.,0.0
621051,Steven Wilson,CWS,TB,trade,Chicago White Sox traded RHP Steven Wilson and RHP Yoendrys Gómez to Tampa Bay Rays for CF Everson Pereira and 2B Tanner Murray.,0.26666666666666666
677592,Everson Pereira,TB,CWS,trade,Chicago White Sox traded RHP Steven Wilson and RHP Yoendrys Gómez to Tampa Bay Rays for CF Everson Pereira and 2B Tanner Murray.,-0.55
656484,Tristan Gray,TB,BOS,trade,Tampa Bay Rays traded 3B Tristan Gray to Boston Red Sox for RHP Luis Guerrero.,0.03333333333333333
692285,Luis Guerrero,BOS,TB,trade,Tampa Bay Rays traded 3B Tristan Gray to Boston Red Sox for RHP Luis Guerrero.,0.0
628452,Raisel Iglesias,,ATL,Signed as Free Agent,Atlanta Braves signed free agent RHP Raisel Iglesias.,1.2
593423,Frankie Montas,NYM,,Released,New York Mets released RHP Frankie Montas.,0.43333333333333335
669020,Ryan Rolison,COL,ATL,trade,Colorado Rockies traded LHP Ryan Rolison to Atlanta Braves for cash.,0.0
680570,Grayson Rodriguez,BAL,LAA,trade,Los Angeles Angels traded LF Taylor Ward to Baltimore Orioles for RHP Grayson Rodriguez.,1.95
669397,Nick Allen,ATL,HOU,trade,Houston Astros traded 2B Mauricio Dubón to Atlanta Braves for SS Nick Allen.,-0.06666666666666667
643289,Mauricio Dubón,HOU,ATL,trade,Houston Astros traded 2B Mauricio Dubón to Atlanta Braves for SS Nick Allen.,1.7000000000000002
621493,Taylor Ward,LAA,BAL,trade,Los Angeles Angels traded LF Taylor Ward to Baltimore Orioles for RHP Grayson Rodriguez.,2.3666666666666667
656638,Alex Lange,,KC,Signed as Free Agent,Kansas City Royals signed free agent RHP Alex Lange.,0.03333333333333333
642048,Tayler Saucedo,SEA,,Declared Free Agency,LHP Tayler Saucedo elected free agency.,0.13333333333333333
544150,Albert Suárez,BAL,,Declared Free Agency,RHP Albert Suárez elected free agency.,0.9
683522,Michael Arias,NYY,,Declared Free Agency,RHP Michael Arias elected free agency.,0.0
663423,Trent Thornton,SEA,,Declared Free Agency,RHP Trent Thornton elected free agency.,0.19999999999999998
694331,Tyler Mattison,DET,,Declared Free Agency,RHP Tyler Mattison elected free agency.,0.0
672569,Gustavo Campero,LAA,,Declared Free Agency,RF Gustavo Campero elected free agency.,0.0
678316,Omar Cruz,SD,,Declared Free Agency,LHP Omar Cruz elected free agency.,0.0
677943,Will Banfield,CIN,,Declared Free Agency,C Will Banfield elected free agency.,0.0
622250,Josh Sborz,TEX,,Declared Free Agency,RHP Josh Sborz elected free agency.,0.55
656529,Sam Hentges,CLE,,Declared Free Agency,LHP Sam Hentges elected free agency.,0.7000000000000001
664199,Taylor Clarke,KC,,Declared Free Agency,RHP Taylor Clarke elected free agency.,0.15
668820,Max Kranick,NYM,,Declared Free Agency,RHP Max Kranick elected free agency.,0.3
666969,Adolis García,TEX,,Declared Free Agency,RF Adolis García elected free agency.,1.7666666666666666
674072,Tommy Henry,AZ,,Declared Free Agency,LHP Tommy Henry elected free agency.,0.2333333333333333
666201,Alek Manoah,ATL,,Declared Free Agency,RHP Alek Manoah elected free agency.,0.0
664123,Scott Effross,NYY,,Declared Free Agency,RHP Scott Effross elected free agency.,0.0
675650,Michael Mercado,PHI,,Declared Free Agency,RHP Michael Mercado elected free agency.,0.0
699911,Dugan Darnell,DET,,Declared Free Agency,RHP Dugan Darnell elected free agency.,0.0
666624,Christopher Morel,TB,,Declared Free Agency,LF Christopher Morel elected free agency.,0.1666666666666667
669911,Michael Toglia,COL,,Declared Free Agency,1B Michael Toglia elected free agency.,-0.9666666666666668
623465,Evan Phillips,LAD,,Declared Free Agency,RHP Evan Phillips elected free agency.,0.7666666666666666
668800,Andrew Knizner,SF,,Declared Free Agency,C Andrew Knizner elected free agency.,0.06666666666666667
664776,Jake Cousins,NYY,,Declared Free Agency,RHP Jake Cousins elected free agency.,0.05
671345,Jason Foley,DET,,Declared Free Agency,RHP Jason Foley elected free agency.,0.9500000000000001
664192,Joey Lucchesi,SF,,Declared Free Agency,LHP Joey Lucchesi elected free agency.,0.26666666666666666
693308,Nick Frasso,LAD,,Declared Free Agency,RHP Nick Frasso elected free agency.,0.0
642232,Ryan Yarbrough,,NYY,Signed as Free Agent,New York Yankees signed free agent LHP Ryan Yarbrough.,0.3333333333333333
686730,Carson Spiers,CIN,,Declared Free Agency,RHP Carson Spiers elected free agency.,0.06666666666666667
682610,Roddery Muñoz,CIN,,Declared Free Agency,RHP Roddery Muñoz elected free agency.,0.0
602104,Ramón Urías,HOU,,Declared Free Agency,3B Ramón Urías elected free agency.,0.9
620454,José Castillo,NYM,,Declared Free Agency,LHP José Castillo elected free agency.,0.0
664849,Danny Young,NYM,,Declared Free Agency,LHP Danny Young elected free agency.,0.16666666666666666
686823,Will Brennan,CLE,,Declared Free Agency,RF Will Brennan elected free agency.,0.09999999999999999
641656,Ian Hamilton,NYY,,Declared Free Agency,RHP Ian Hamilton elected free agency.,0.5666666666666668
680577,DaShawn Keirsey Jr.,MIN,,Declared Free Agency,CF DaShawn Keirsey Jr. elected free agency.,0.0
663432,Tanner Rainey,DET,,Declared Free Agency,RHP Tanner Rainey elected free agency.,0.03333333333333333
665861,Sebastián Rivero,LAA,,Declared Free Agency,C Sebastián Rivero elected free agency.,-0.2
543510,James McCann,,AZ,Signed as Free Agent,Arizona Diamondbacks signed free agent C James McCann.,0.39999999999999997
685068,Carson Ragsdale,ATL,,Declared Free Agency,RHP Carson Ragsdale elected free agency.,0.0
672744,Alexander Canario,PIT,,Declared Free Agency,LF Alexander Canario elected free agency.,-0.09999999999999999
650968,Yohel Pozo,STL,,Declared Free Agency,C Yohel Pozo elected free agency.,0.2
691828,Sem Robberse,STL,,Declared Free Agency,RHP Sem Robberse elected free agency.,0.0
643565,Mike Tauchman,CWS,,Declared Free Agency,RF Mike Tauchman elected free agency.,1.3666666666666665
669193,Jack Little,DET,,Declared Free Agency,RHP Jack Little elected free agency.,0.0
602104,Ramón Urías,HOU,,Declared Free Agency,3B Ramón Urías elected free agency.,0.9
669308,Sean Reynolds,SD,,Declared Free Agency,RHP Sean Reynolds elected free agency.,0.0
670174,Josh Winckowski,BOS,,Declared Free Agency,RHP Josh Winckowski elected free agency.,0.4000000000000001
666619,Gregory Santos,SEA,,Declared Free Agency,RHP Gregory Santos elected free agency.,0.5666666666666667
664294,Dauri Moreta,PIT,,Declared Free Agency,RHP Dauri Moreta elected free agency.,0.55
660896,Jorge Alcala,STL,,Declared Free Agency,RHP Jorge Alcala elected free agency.,0.09999999999999999
657097,Jacob Webb,TEX,,Declared Free Agency,RHP Jacob Webb elected free agency.,0.3333333333333333
663671,Nic Enright,CLE,,Declared Free Agency,RHP Nic Enright elected free agency.,0.0
592155,Cam Booser,CWS,,Declared Free Agency,LHP Cam Booser elected free agency.,0.0
641680,Jonah Heim,TEX,,Declared Free Agency,C Jonah Heim elected free agency.,1.1333333333333333
688497,Taylor Rashi,AZ,,Declared Free Agency,RHP Taylor Rashi elected free agency.,0.0
674944,Sean Guenther,DET,,Declared Free Agency,LHP Sean Guenther elected free agency.,0.25
628451,Andy Ibáñez,DET,,Declared Free Agency,3B Andy Ibáñez elected free agency.,0.9
667463,John King,STL,,Declared Free Agency,LHP John King elected free agency.,0.19999999999999998
668709,JJ Bleday,ATH,,Declared Free Agency,CF JJ Bleday elected free agency.,1.1666666666666667
643410,Mark Leiter Jr.,NYY,,Declared Free Agency,RHP Mark Leiter Jr. elected free agency.,0.7666666666666666
624512,Reese McGuire,CHC,,Declared Free Agency,C Reese McGuire elected free agency.,0.5
669212,Eli Morgan,CHC,,Declared Free Agency,RHP Eli Morgan elected free agency.,0.2333333333333333
641584,Jake Fraley,TB,,Declared Free Agency,RF Jake Fraley elected free agency.,0.7999999999999999
670059,Colin Holderman,PIT,,Declared Free Agency,RHP Colin Holderman elected free agency.,0.3333333333333333
682927,Ronny Simon,PIT,,Declared Free Agency,2B Ronny Simon elected free agency.,0.0
642016,Daniel Robert,PHI,,Declared Free Agency,RHP Daniel Robert elected free agency.,0.0
663993,Nathaniel Lowe,BOS,,Declared Free Agency,1B Nathaniel Lowe elected free agency.,1.7999999999999998
671284,Tim Elko,CWS,,Declared Free Agency,1B Tim Elko elected free agency.,0.0
669004,MJ Melendez,KC,,Declared Free Agency,LF MJ Melendez elected free agency.,-0.13333333333333333
694175,Pedro León,,PHI,Claimed Off Waivers,Philadelphia Phillies claimed RF Pedro León off waivers from Baltimore Orioles.,0.0
823356,Payton Eeles,MIN,BAL,trade,Minnesota Twins traded 2B Payton Eeles to Baltimore Orioles for C Alex Jackson.,0.0
656577,Alex Jackson,BAL,MIN,trade,Minnesota Twins traded 2B Payton Eeles to Baltimore Orioles for C Alex Jackson.,0.5
686894,Joey Wiemer,MIA,SF,trade,Miami Marlins traded LF Joey Wiemer to San Francisco Giants for cash.,0.3666666666666667
606303,Joel Payamps,,ATL,Signed as Free Agent,Atlanta Braves signed free agent RHP Joel Payamps.,0.5666666666666667
607043,Brandon Nimmo,NYM,TEX,trade,New York Mets traded LF Brandon Nimmo and cash to Texas Rangers for 2B Marcus Semien.,3.3333333333333335
543760,Marcus Semien,TEX,NYM,trade,New York Mets traded LF Brandon Nimmo and cash to Texas Rangers for 2B Marcus Semien.,4.3
650968,Yohel Pozo,,STL,Signed as Free Agent,St. Louis Cardinals signed free agent C Yohel Pozo.,0.2
687922,Easton Lucas,TOR,,Released,Toronto Blue Jays released LHP Easton Lucas.,0.0
641584,Jake Fraley,,TB,Signed as Free Agent,Tampa Bay Rays signed free agent RF Jake Fraley.,0.7999999999999999
664208,Phil Maton,,CHC,Signed as Free Agent,Chicago Cubs signed free agent RHP Phil Maton.,0.7333333333333334
690916,Richard Fitts,BOS,STL,trade,"St. Louis Cardinals traded RHP Sonny Gray and cash to Boston Red Sox for RHP Richard Fitts, LHP Brandon Clarke and Player To Be Named Later.",0.0
700251,Brandon Clarke,BOS,STL,trade,"St. Louis Cardinals traded RHP Sonny Gray and cash to Boston Red Sox for RHP Richard Fitts, LHP Brandon Clarke and Player To Be Named Later.",0.0
543243,Sonny Gray,STL,BOS,trade,"St. Louis Cardinals traded RHP Sonny Gray and cash to Boston Red Sox for RHP Richard Fitts, LHP Brandon Clarke and Player To Be Named Later.",4.266666666666667
596271,Casey Lawrence,,SEA,Signed as Free Agent,Seattle Mariners signed free agent RHP Casey Lawrence.,0.0
664854,Ryan Helsley,,BAL,Signed as Free Agent,Baltimore Orioles signed free agent RHP Ryan Helsley.,1.3333333333333333
664849,Danny Young,,ATL,Signed as Free Agent,Atlanta Braves signed free agent LHP Danny Young.,0.16666666666666666
656302,Dylan Cease,,TOR,Signed as Free Agent,Toronto Blue Jays signed free agent RHP Dylan Cease.,3.9
666201,Alek Manoah,,LAA,Signed as Free Agent,Los Angeles Angels signed free agent RHP Alek Manoah.,0.0
656529,Sam Hentges,,SF,Signed as Free Agent,San Francisco Giants signed free agent LHP Sam Hentges.,0.7000000000000001
642207,Devin Williams,,NYM,Signed as Free Agent,New York Mets signed free agent RHP Devin Williams.,1.3333333333333333
641401,Connor Brogdon,,CLE,Signed as Free Agent,Cleveland Guardians signed free agent RHP Connor Brogdon.,0.0
686654,Ty Adcock,,SD,Signed as Free Agent,San Diego Padres signed free agent RHP Ty Adcock.,0.0
641941,Emilio Pagán,,CIN,Signed as Free Agent,Cincinnati Reds signed free agent RHP Emilio Pagán.,0.9
500743,Miguel Rojas,,LAD,Signed as Free Agent,Los Angeles Dodgers signed free agent 2B Miguel Rojas.,1.7
691373,Jhostynxon Garcia,BOS,PIT,trade,"Pittsburgh Pirates traded RHP Johan Oviedo, LHP Tyler Samaniego and C Adonys Guzman to Boston Red Sox for CF Jhostynxon Garcia and RHP Jesus Travieso.",0.0
821174,Jesus Travieso,BOS,PIT,trade,"Pittsburgh Pirates traded RHP Johan Oviedo, LHP Tyler Samaniego and C Adonys Guzman to Boston Red Sox for CF Jhostynxon Garcia and RHP Jesus Travieso.",0.0
701719,Tyler Samaniego,PIT,BOS,trade,"Pittsburgh Pirates traded RHP Johan Oviedo, LHP Tyler Samaniego and C Adonys Guzman to Boston Red Sox for CF Jhostynxon Garcia and RHP Jesus Travieso.",0.0
670912,Johan Oviedo,PIT,BOS,trade,"Pittsburgh Pirates traded RHP Johan Oviedo, LHP Tyler Samaniego and C Adonys Guzman to Boston Red Sox for CF Jhostynxon Garcia and RHP Jesus Travieso.",1.0
702631,Adonys Guzman,PIT,BOS,trade,"Pittsburgh Pirates traded RHP Johan Oviedo, LHP Tyler Samaniego and C Adonys Guzman to Boston Red Sox for CF Jhostynxon Garcia and RHP Jesus Travieso.",0.0
689901,Nico Zeglin,CHC,HOU,trade,Chicago Cubs traded RHP Nico Zeglin to Houston Astros for cash.,0.0
674370,Osvaldo Bido,,ATL,Claimed Off Waivers,Atlanta Braves claimed RHP Osvaldo Bido off waivers from Athletics.,0.6999999999999998
681867,Cooper Criswell,,NYM,Claimed Off Waivers,New York Mets claimed RHP Cooper Criswell off waivers from Boston Red Sox.,0.3666666666666667
687849,Zak Kent,,STL,Claimed Off Waivers,St. Louis Cardinals claimed RHP Zak Kent off waivers from Cleveland Guardians.,0.0
682617,Marco Luciano,,PIT,Claimed Off Waivers,Pittsburgh Pirates claimed OF Marco Luciano off waivers from San Francisco Giants.,-0.3
691011,Drew Romo,,BAL,Claimed Off Waivers,Baltimore Orioles claimed C Drew Romo off waivers from Colorado Rockies.,0.0
683770,Will Robertson,,BAL,Claimed Off Waivers,Baltimore Orioles claimed LF Will Robertson off waivers from Pittsburgh Pirates.,0.0
683627,Anthony Molina,,ATL,Claimed Off Waivers,Atlanta Braves claimed RHP Anthony Molina off waivers from Colorado Rockies.,0.1
678606,Jose A. Ferrer,WSH,SEA,trade,Washington Nationals traded LHP Jose A. Ferrer to Seattle Mariners for C Harry Ford and RHP Isaac Lyon.,0.7000000000000001
695670,Harry Ford,SEA,WSH,trade,Washington Nationals traded LHP Jose A. Ferrer to Seattle Mariners for C Harry Ford and RHP Isaac Lyon.,0.0
805214,Isaac Lyon,SEA,WSH,trade,Washington Nationals traded LHP Jose A. Ferrer to Seattle Mariners for C Harry Ford and RHP Isaac Lyon.,0.0
656775,Cedric Mullins,,TB,Signed as Free Agent,Tampa Bay Rays signed free agent CF Cedric Mullins.,1.7333333333333334
670897,Daison Acosta,,SD,Signed as Free Agent,San Diego Padres signed free agent RHP Daison Acosta.,0.0
641743,Anthony Kay,,CWS,Signed as Free Agent,Chicago White Sox signed free agent LHP Anthony Kay.,0.0
680802,Ryan Weiss,,HOU,Signed as Free Agent,Houston Astros signed free agent RHP Ryan Weiss.,0.0
656941,Kyle Schwarber,,PHI,Signed as Free Agent,Philadelphia Phillies signed free agent LF Kyle Schwarber.,3.033333333333333
687093,Vaughn Grissom,BOS,LAA,trade,Boston Red Sox traded 2B Vaughn Grissom to Los Angeles Angels for OF Isaiah Jackson.,-0.6
805365,Isaiah Jackson,LAA,BOS,trade,Boston Red Sox traded 2B Vaughn Grissom to Los Angeles Angels for OF Isaiah Jackson.,0.0
573262,Mike Yastrzemski,,ATL,Signed as Free Agent,Atlanta Braves signed free agent RF Mike Yastrzemski.,1.8999999999999997
664074,Cody Ponce,,TOR,Signed as Free Agent,Toronto Blue Jays signed free agent RHP Cody Ponce.,0.0
676812,Carson McCusker,MIN,,Released,Minnesota Twins released LF Carson McCusker.,0.0
685464,Cade Winquest,,NYY,Rule 5 Selection,New York Yankees purchased contract of RHP Cade Winquest  in the Rule 5 Draft.,0.0
695946,Junior Flores,,PIT,Rule 5 Draft Minors,"Pittsburgh Pirates purchased contract of RHP Junior Flores  in the Rule 5 Draft, AAA Phase.",0.0
670245,Ryan Watson,,ATH,Rule 5 Selection,Athletics purchased contract of RHP Ryan Watson  in the Rule 5 Draft.,0.0
699151,Jedixson Paez,,CWS,Rule 5 Selection,Chicago White Sox purchased contract of RHP Jedixson Paez  in the Rule 5 Draft.,0.0
676046,Griff McGarry,,WSH,Rule 5 Selection,Washington Nationals purchased contract of RHP Griff McGarry  in the Rule 5 Draft.,0.0
691740,Daniel Susac,,MIN,Rule 5 Selection,Minnesota Twins purchased contract of C Daniel Susac  in the Rule 5 Draft.,0.0
701213,Jonathan Brand,,TEX,Rule 5 Draft Minors,"Texas Rangers purchased contract of RHP Jonathan Brand  in the Rule 5 Draft, AAA Phase.",0.0
701686,Kyle Larsen,,PIT,Rule 5 Draft Minors,"Pittsburgh Pirates purchased contract of RHP Kyle Larsen  in the Rule 5 Draft, AAA Phase.",0.0
669298,TJ Shook,,COL,Rule 5 Draft Minors,"Colorado Rockies purchased contract of RHP TJ Shook  in the Rule 5 Draft, AAA Phase.",0.0
693739,Alexander Alberto,,CWS,Rule 5 Selection,Chicago White Sox purchased contract of RHP Alexander Alberto  in the Rule 5 Draft.,0.0
680518,Zavier Warren,,CIN,Rule 5 Draft Minors,"Cincinnati Reds purchased contract of 1B Zavier Warren  in the Rule 5 Draft, AAA Phase.",0.0
700365,Yendy Gomez,,DET,Rule 5 Draft Minors,"Detroit Tigers purchased contract of RHP Yendy Gomez  in the Rule 5 Draft, AAA Phase.",0.0
702882,Eybersson Polanco,,LAA,Rule 5 Draft Minors,"Los Angeles Angels purchased contract of RHP Eybersson Polanco  in the Rule 5 Draft, AAA Phase.",0.0
677020,Josh Walker,,BAL,Claimed Off Waivers,Baltimore Orioles claimed LHP Josh Walker off waivers from Atlanta Braves.,0.03333333333333333
694674,Antonio Menendez,,AZ,Rule 5 Draft Minors,"Arizona Diamondbacks purchased contract of RHP Antonio Menendez  in the Rule 5 Draft, AAA Phase.",0.0
691945,Carter Baumler,,PIT,Rule 5 Selection,Pittsburgh Pirates purchased contract of RHP Carter Baumler  in the Rule 5 Draft.,0.0
802984,Livan Reinoso,,MIA,Rule 5 Draft Minors,"Miami Marlins purchased contract of RHP Livan Reinoso  in the Rule 5 Draft, AAA Phase.",0.0
681977,Jake Smith,,MIA,Rule 5 Draft Minors,"Miami Marlins purchased contract of RHP Jake Smith  in the Rule 5 Draft, AAA Phase.",0.0
679788,Jack Rogers,,WSH,Rule 5 Draft Minors,"Washington Nationals purchased contract of LF Jack Rogers  in the Rule 5 Draft, AAA Phase.",0.0
670245,Ryan Watson,ATH,BOS,trade,Athletics traded RHP Ryan Watson to Boston Red Sox for 2B Justin Riemer and cash.,0.0
811312,Justin Riemer,BOS,ATH,trade,Athletics traded RHP Ryan Watson to Boston Red Sox for 2B Justin Riemer and cash.,0.0
701951,Abel Mercedes,,ATH,Rule 5 Draft Minors,"Athletics purchased contract of RHP Abel Mercedes  in the Rule 5 Draft, AAA Phase.",0.0
805958,Jackson Kelley,,CWS,Rule 5 Draft Minors,"Chicago White Sox purchased contract of RHP Jackson Kelley  in the Rule 5 Draft, AAA Phase.",0.0
701859,Justin Armbruester,,NYM,Rule 5 Draft Minors,"New York Mets purchased contract of RHP Justin Armbruester  in the Rule 5 Draft, AAA Phase.",0.0
692550,Hansel Rincon,,NYY,Rule 5 Draft Minors,"New York Yankees purchased contract of RHP Hansel Rincon  in the Rule 5 Draft, AAA Phase.",0.0
676666,Matt Turner,,NYM,Rule 5 Draft Minors,"New York Mets purchased contract of LHP Matt Turner  in the Rule 5 Draft, AAA Phase.",0.0
800765,Carter Howell,,ATL,Rule 5 Draft Minors,"Atlanta Braves purchased contract of RF Carter Howell  in the Rule 5 Draft, AAA Phase.",0.0
688753,Evan Gates,,PHI,Rule 5 Draft Minors,"Philadelphia Phillies purchased contract of RHP Evan Gates  in the Rule 5 Draft, AAA Phase.",0.0
694930,Carson Taylor,,SEA,Rule 5 Draft Minors,"Seattle Mariners purchased contract of 1B Carson Taylor  in the Rule 5 Draft, AAA Phase.",0.0
651016,Matt Lloyd,,BOS,Rule 5 Draft Minors,"Boston Red Sox purchased contract of 3B Matt Lloyd  in the Rule 5 Draft, AAA Phase.",0.0
700167,Bryan Mena,,PIT,Rule 5 Draft Minors,"Pittsburgh Pirates purchased contract of RHP Bryan Mena  in the Rule 5 Draft, AAA Phase.",0.0
691616,Hedbert Perez,,TOR,Rule 5 Draft Minors,"Toronto Blue Jays purchased contract of LF Hedbert Perez  in the Rule 5 Draft, AAA Phase.",0.0
696521,Garrett Spain,,MIN,Rule 5 Draft Minors,"Minnesota Twins purchased contract of RF Garrett Spain  in the Rule 5 Draft, AAA Phase.",0.0
682610,Roddery Muñoz,,HOU,Rule 5 Selection,Houston Astros purchased contract of RHP Roddery Muñoz  in the Rule 5 Draft.,0.0
688883,Peyton Pallette,,CLE,Rule 5 Selection,Cleveland Guardians purchased contract of RHP Peyton Pallette  in the Rule 5 Draft.,0.0
701791,Caden Vire,,BOS,Rule 5 Draft Minors,"Boston Red Sox purchased contract of LHP Caden Vire  in the Rule 5 Draft, AAA Phase.",0.0
702551,Cole Phillips,,MIL,Rule 5 Draft Minors,"Milwaukee Brewers purchased contract of RHP Cole Phillips  in the Rule 5 Draft, AAA Phase.",0.0
666386,Archer Brookman,,ATL,Rule 5 Draft Minors,"Atlanta Braves purchased contract of C Archer Brookman  in the Rule 5 Draft, AAA Phase.",0.0
703405,Edwin Sanchez,,HOU,Rule 5 Draft Minors,"Houston Astros purchased contract of RF Edwin Sanchez  in the Rule 5 Draft, AAA Phase.",0.0
802243,Jaiker Garcia,TEX,PIT,trade,Pittsburgh Pirates traded RHP Carter Baumler to Texas Rangers for RHP Jaiker Garcia and cash.,0.0
691945,Carter Baumler,PIT,TEX,trade,Pittsburgh Pirates traded RHP Carter Baumler to Texas Rangers for RHP Jaiker Garcia and cash.,0.0
674047,Travis Kuhn,,TOR,Rule 5 Draft Minors,"Toronto Blue Jays purchased contract of RHP Travis Kuhn  in the Rule 5 Draft, AAA Phase.",0.0
685396,Nate Peterson,,CIN,Rule 5 Draft Minors,"Cincinnati Reds purchased contract of LHP Nate Peterson  in the Rule 5 Draft, AAA Phase.",0.0
689456,Austin Murr,,PHI,Rule 5 Draft Minors,"Philadelphia Phillies purchased contract of LF Austin Murr  in the Rule 5 Draft, AAA Phase.",0.0
682624,Sandy Gaston,,WSH,Rule 5 Draft Minors,"Washington Nationals purchased contract of RHP Sandy Gaston  in the Rule 5 Draft, AAA Phase.",0.0
681004,Jack Carey,,CLE,Rule 5 Draft Minors,"Cleveland Guardians purchased contract of RHP Jack Carey  in the Rule 5 Draft, AAA Phase.",0.0
688636,Adam Stone,,CHC,Rule 5 Draft Minors,"Chicago Cubs purchased contract of RHP Adam Stone  in the Rule 5 Draft, AAA Phase.",0.0
702065,Aaron Rozek,,NYM,Rule 5 Draft Minors,"New York Mets purchased contract of LHP Aaron Rozek  in the Rule 5 Draft, AAA Phase.",0.0
687984,Brady Hill,,WSH,Rule 5 Draft Minors,"Washington Nationals purchased contract of RHP Brady Hill  in the Rule 5 Draft, AAA Phase.",0.0
695294,Tommy McCollum,PHI,TB,trade,Tampa Bay Rays traded RHP Yoniel Curet to Philadelphia Phillies for RHP Tommy McCollum.,0.0
692414,Yoniel Curet,TB,PHI,trade,Tampa Bay Rays traded RHP Yoniel Curet to Philadelphia Phillies for RHP Tommy McCollum.,0.0
699154,Alvaro Mejias,,TB,Rule 5 Draft Minors,"Tampa Bay Rays purchased contract of RHP Alvaro Mejias  in the Rule 5 Draft, AAA Phase.",0.0
694885,Ryan Murphy,,STL,Rule 5 Draft Minors,"St. Louis Cardinals purchased contract of RHP Ryan Murphy  in the Rule 5 Draft, AAA Phase.",0.0
702314,Sean Hermann,,SEA,Rule 5 Draft Minors,"Seattle Mariners purchased contract of RHP Sean Hermann  in the Rule 5 Draft, AAA Phase.",0.0
677312,Zane Mills,,CHC,Rule 5 Draft Minors,"Chicago Cubs purchased contract of RHP Zane Mills  in the Rule 5 Draft, AAA Phase.",0.0
668776,Devin Ortiz,,CHC,Rule 5 Draft Minors,"Chicago Cubs purchased contract of 3B Devin Ortiz  in the Rule 5 Draft, AAA Phase.",0.0
700291,Cesar Rojas,,WSH,Rule 5 Draft Minors,"Washington Nationals purchased contract of RHP Cesar Rojas  in the Rule 5 Draft, AAA Phase.",0.0
677957,Brandon Neeck,,PIT,Rule 5 Draft Minors,"Pittsburgh Pirates purchased contract of LHP Brandon Neeck  in the Rule 5 Draft, AAA Phase.",0.0
694381,Trey McLoughlin,,HOU,Rule 5 Draft Minors,"Houston Astros purchased contract of RHP Trey McLoughlin  in the Rule 5 Draft, AAA Phase.",0.0
690155,Matt Pushard,,STL,Rule 5 Selection,St. Louis Cardinals purchased contract of RHP Matt Pushard  in the Rule 5 Draft.,0.0
703420,Jorge Marcheco,,ATH,Rule 5 Draft Minors,"Athletics purchased contract of RHP Jorge Marcheco  in the Rule 5 Draft, AAA Phase.",0.0
681400,Danny Serretti,,AZ,Rule 5 Draft Minors,"Arizona Diamondbacks purchased contract of 3B Danny Serretti  in the Rule 5 Draft, AAA Phase.",0.0
693686,Spencer Miles,,TOR,Rule 5 Selection,Toronto Blue Jays purchased contract of RHP Spencer Miles  in the Rule 5 Draft.,0.0
689450,Luke Taggart,,DET,Rule 5 Draft Minors,"Detroit Tigers purchased contract of RHP Luke Taggart  in the Rule 5 Draft, AAA Phase.",0.0
698959,Jan Caraballo,,DET,Rule 5 Draft Minors,"Detroit Tigers purchased contract of RHP Jan Caraballo  in the Rule 5 Draft, AAA Phase.",0.0
694496,John Stankiewicz,,DET,Rule 5 Draft Minors,"Detroit Tigers purchased contract of RHP John Stankiewicz  in the Rule 5 Draft, AAA Phase.",0.0
696020,Raudelis Martinez,,BOS,Rule 5 Draft Minors,"Boston Red Sox purchased contract of C Raudelis Martinez  in the Rule 5 Draft, AAA Phase.",0.0
700188,Dylan Tebrake,,WSH,Rule 5 Draft Minors,"Washington Nationals purchased contract of RHP Dylan Tebrake  in the Rule 5 Draft, AAA Phase.",0.0
692329,Darlin Pinales,,ATH,Rule 5 Draft Minors,"Athletics purchased contract of RHP Darlin Pinales  in the Rule 5 Draft, AAA Phase.",0.0
687857,Sam Ryan,,MIN,Rule 5 Draft Minors,"Minnesota Twins purchased contract of RHP Sam Ryan  in the Rule 5 Draft, AAA Phase.",0.0
829813,Miguel Caraballo,SF,MIN,trade,Minnesota Twins traded C Daniel Susac to San Francisco Giants for C Miguel Caraballo and cash.,0.0
686184,Sean Harney,,AZ,Rule 5 Draft Minors,"Arizona Diamondbacks purchased contract of RHP Sean Harney  in the Rule 5 Draft, AAA Phase.",0.0
691740,Daniel Susac,MIN,SF,trade,Minnesota Twins traded C Daniel Susac to San Francisco Giants for C Miguel Caraballo and cash.,0.0
696275,RJ Petit,,COL,Rule 5 Selection,Colorado Rockies purchased contract of RHP RJ Petit  in the Rule 5 Draft.,0.0
685112,Zach McCambley,,PHI,Rule 5 Selection,Philadelphia Phillies purchased contract of RHP Zach McCambley  in the Rule 5 Draft.,0.0
670868,Abrahan Gutierrez,,NYY,Rule 5 Draft Minors,"New York Yankees purchased contract of C Abrahan Gutierrez  in the Rule 5 Draft, AAA Phase.",0.0
678973,Eiker Huizi,,WSH,Rule 5 Draft Minors,"Washington Nationals purchased contract of RHP Eiker Huizi  in the Rule 5 Draft, AAA Phase.",0.0
624413,Pete Alonso,,BAL,Signed as Free Agent,Baltimore Orioles signed free agent 1B Pete Alonso.,2.8333333333333335
668731,Akil Baddoo,,MIL,Signed as Free Agent,Milwaukee Brewers signed free agent LF Akil Baddoo.,0.13333333333333333
663158,Robert Suarez,,ATL,Signed as Free Agent,Atlanta Braves signed free agent RHP Robert Suarez.,0.9333333333333332
670059,Colin Holderman,,CLE,Signed as Free Agent,Cleveland Guardians signed free agent RHP Colin Holderman.,0.3333333333333333
647336,Michael Soroka,,AZ,Signed as Free Agent,Arizona Diamondbacks signed free agent RHP Michael Soroka.,0.5
621242,Edwin Díaz,,LAD,Signed as Free Agent,Los Angeles Dodgers signed free agent RHP Edwin Díaz.,1.55
696059,Johan Simon,TOR,DET,trade,Detroit Tigers traded RHP Chase Lee to Toronto Blue Jays for LHP Johan Simon.,0.0
695445,Chase Lee,DET,TOR,trade,Detroit Tigers traded RHP Chase Lee to Toronto Blue Jays for LHP Johan Simon.,0.0
669020,Ryan Rolison,,CWS,Claimed Off Waivers,Chicago White Sox claimed LHP Ryan Rolison off waivers from Atlanta Braves.,0.0
672279,Michael Siani,,LAD,Claimed Off Waivers,Los Angeles Dodgers claimed CF Michael Siani off waivers from Atlanta Braves.,0.30000000000000004
683232,Nick Mears,MIL,KC,trade,Milwaukee Brewers traded LF Isaac Collins and RHP Nick Mears to Kansas City Royals for LHP Angel Zerpa.,0.5
686555,Isaac Collins,MIL,KC,trade,Milwaukee Brewers traded LF Isaac Collins and RHP Nick Mears to Kansas City Royals for LHP Angel Zerpa.,0.0
672582,Angel Zerpa,KC,MIL,trade,Milwaukee Brewers traded LF Isaac Collins and RHP Nick Mears to Kansas City Royals for LHP Angel Zerpa.,0.19999999999999998
673490,Ha-Seong Kim,,ATL,Signed as Free Agent,Atlanta Braves signed free agent SS Ha-Seong Kim.,2.3666666666666667
641302,Tyler Alexander,,TEX,Signed as Free Agent,Texas Rangers signed free agent LHP Tyler Alexander.,0.46666666666666673
643376,Danny Jansen,,TEX,Signed as Free Agent,Texas Rangers signed free agent C Danny Jansen.,1.2666666666666666
642397,Gregory Soto,,PIT,Signed as Free Agent,Pittsburgh Pirates signed free agent LHP Gregory Soto.,0.7000000000000001
643511,Tyler Rogers,,TOR,Signed as Free Agent,Toronto Blue Jays signed free agent RHP Tyler Rogers.,0.8333333333333334
691384,Luis Perales,BOS,WSH,trade,Boston Red Sox traded RHP Luis Perales to Washington Nationals for LHP Jake Bennett.,0.0
687562,Jake Bennett,WSH,BOS,trade,Boston Red Sox traded RHP Luis Perales to Washington Nationals for LHP Jake Bennett.,0.0
593871,Jorge Polanco,,NYM,Signed as Free Agent,New York Mets signed free agent 2B Jorge Polanco.,1.4000000000000001
668800,Andrew Knizner,,SEA,Signed as Free Agent,Seattle Mariners signed free agent C Andrew Knizner.,0.06666666666666667
571927,Steven Matz,,TB,Signed as Free Agent,Tampa Bay Rays signed free agent LHP Steven Matz.,1.0333333333333334
571948,Hoby Milner,,CHC,Signed as Free Agent,Chicago Cubs signed free agent LHP Hoby Milner.,0.9666666666666667
519141,Drew Pomeranz,,LAA,Signed as Free Agent,Los Angeles Angels signed free agent LHP Drew Pomeranz.,0.7
671345,Jason Foley,,SF,Signed as Free Agent,San Francisco Giants signed free agent RHP Jason Foley.,0.9500000000000001
666969,Adolis García,,PHI,Signed as Free Agent,Philadelphia Phillies signed free agent RF Adolis García.,1.7666666666666666
605447,Jordan Romano,,LAA,Signed as Free Agent,Los Angeles Angels signed free agent RHP Jordan Romano.,0.39999999999999997
623454,Drew Anderson,,DET,Signed as Free Agent,Detroit Tigers signed free agent RHP Drew Anderson.,0.0
664747,Alexis Díaz,,TEX,Signed as Free Agent,Texas Rangers signed free agent RHP Alexis Díaz.,0.6333333333333333
669160,Dustin May,,STL,Signed as Free Agent,St. Louis Cardinals signed free agent RHP Dustin May.,1.05
643410,Mark Leiter Jr.,,ATH,Signed as Free Agent,Athletics signed free agent RHP Mark Leiter Jr..,0.7666666666666666
445276,Kenley Jansen,,DET,Signed as Free Agent,Detroit Tigers signed free agent RHP Kenley Jansen.,1.0333333333333334
657041,Lane Thomas,,KC,Signed as Free Agent,Kansas City Royals signed free agent CF Lane Thomas.,1.2666666666666666
642216,Allan Winans,NYY,,Released,New York Yankees released RHP Allan Winans.,0.16666666666666666
573204,Caleb Thielbar,,CHC,Signed as Free Agent,Chicago Cubs signed free agent LHP Caleb Thielbar.,0.46666666666666673
677865,Justin Bruihl,TOR,CLE,trade,Toronto Blue Jays traded LHP Justin Bruihl to Cleveland Guardians for cash.,0.03333333333333333
691011,Drew Romo,,NYM,Claimed Off Waivers,New York Mets claimed C Drew Romo off waivers from Baltimore Orioles.,0.0
641745,Brad Keller,,PHI,Signed as Free Agent,Philadelphia Phillies signed free agent RHP Brad Keller.,0.43333333333333335
592122,Tyler Austin,,CHC,Signed as Free Agent,Chicago Cubs signed free agent 1B Tyler Austin.,0.0
666624,Christopher Morel,,MIA,Signed as Free Agent,Miami Marlins signed free agent LF Christopher Morel.,0.1666666666666667
657571,Caleb Ferguson,,CIN,Signed as Free Agent,Cincinnati Reds signed free agent LHP Caleb Ferguson.,0.7999999999999999
671976,Tristan Peters,TB,CWS,trade,Tampa Bay Rays traded LF Tristan Peters to Chicago White Sox for cash.,0.0
605137,Josh Bell,,MIN,Signed as Free Agent,Minnesota Twins signed free agent 1B Josh Bell.,0.13333333333333333
641656,Ian Hamilton,,ATL,Signed as Free Agent,Atlanta Braves signed free agent RHP Ian Hamilton.,0.5666666666666668
605288,Adrian Houser,,SF,Signed as Free Agent,San Francisco Giants signed free agent RHP Adrian Houser.,1.3333333333333333
650633,Michael King,,SD,Signed as Free Agent,San Diego Padres signed free agent RHP Michael King.,2.3000000000000003
518876,Merrill Kelly,,AZ,Signed as Free Agent,Arizona Diamondbacks signed free agent RHP Merrill Kelly.,2.3000000000000003
455119,Chris Martin,,TEX,Signed as Free Agent,Texas Rangers signed free agent RHP Chris Martin.,1.0
680742,Jonathan Bowlan,KC,PHI,trade,Philadelphia Phillies traded LHP Matt Strahm to Kansas City Royals for RHP Jonathan Bowlan.,0.06666666666666667
669358,Shane Baz,TB,BAL,trade,"Tampa Bay Rays traded RHP Shane Baz to Baltimore Orioles for C Caden Bodine, OF Slater de Brun, RHP Michael Forret, OF Austin Overn and Draft Pick. 2026 Competitive Balance Round A pick (No. 33).",1.55
674370,Osvaldo Bido,,TB,Claimed Off Waivers,Tampa Bay Rays claimed RHP Osvaldo Bido off waivers from Atlanta Braves.,0.6999999999999998
805207,Caden Bodine,BAL,TB,trade,"Tampa Bay Rays traded RHP Shane Baz to Baltimore Orioles for C Caden Bodine, OF Slater de Brun, RHP Michael Forret, OF Austin Overn and Draft Pick. 2026 Competitive Balance Round A pick (No. 33).",0.0
702556,Austin Overn,BAL,TB,trade,"Tampa Bay Rays traded RHP Shane Baz to Baltimore Orioles for C Caden Bodine, OF Slater de Brun, RHP Michael Forret, OF Austin Overn and Draft Pick. 2026 Competitive Balance Round A pick (No. 33).",0.0
828173,Slater de Brun,BAL,TB,trade,"Tampa Bay Rays traded RHP Shane Baz to Baltimore Orioles for C Caden Bodine, OF Slater de Brun, RHP Michael Forret, OF Austin Overn and Draft Pick. 2026 Competitive Balance Round A pick (No. 33).",0.0
702650,Michael Forret,BAL,TB,trade,"Tampa Bay Rays traded RHP Shane Baz to Baltimore Orioles for C Caden Bodine, OF Slater de Brun, RHP Michael Forret, OF Austin Overn and Draft Pick. 2026 Competitive Balance Round A pick (No. 33).",0.0
679775,Kyle Backhus,AZ,PHI,trade,Arizona Diamondbacks traded LHP Kyle Backhus to Philadelphia Phillies for CF Avery Owusu-Asiedu.,0.0
801938,Avery Owusu-Asiedu,PHI,AZ,trade,Arizona Diamondbacks traded LHP Kyle Backhus to Philadelphia Phillies for CF Avery Owusu-Asiedu.,0.0
621381,Matt Strahm,PHI,KC,trade,Philadelphia Phillies traded LHP Matt Strahm to Kansas City Royals for RHP Jonathan Bowlan.,1.8666666666666665
689200,Jacob Melton,HOU,TB,trade,Houston Astros traded LF Jacob Melton and RHP Anderson Brito to Tampa Bay Rays.,0.0
681347,Mike Burrows,PIT,HOU,trade,Pittsburgh Pirates traded RHP Mike Burrows to Houston Astros.,0.0
820901,Anderson Brito,HOU,TB,trade,Houston Astros traded LF Jacob Melton and RHP Anderson Brito to Tampa Bay Rays.,0.0
664040,Brandon Lowe,TB,PIT,trade,"Tampa Bay Rays traded 2B Brandon Lowe, LF Jake Mangum and LHP Mason Montgomery to Pittsburgh Pirates.",2.2666666666666666
663968,Jake Mangum,TB,PIT,trade,"Tampa Bay Rays traded 2B Brandon Lowe, LF Jake Mangum and LHP Mason Montgomery to Pittsburgh Pirates.",0.0
682254,Mason Montgomery,TB,PIT,trade,"Tampa Bay Rays traded 2B Brandon Lowe, LF Jake Mangum and LHP Mason Montgomery to Pittsburgh Pirates.",0.0
640448,Kyle Finnegan,,DET,Signed as Free Agent,Detroit Tigers signed free agent RHP Kyle Finnegan.,0.5
808959,Munetaka Murakami,,CWS,Signed as Free Agent,Chicago White Sox signed free agent IF Munetaka Murakami.,0.0
542888,Shawn Armstrong,,CLE,Signed as Free Agent,Cleveland Guardians signed free agent RHP Shawn Armstrong.,1.1333333333333333
647315,Zach Pop,,PHI,Signed as Free Agent,Philadelphia Phillies signed free agent RHP Zach Pop.,0.0
656492,Foster Griffin,,WSH,Signed as Free Agent,Washington Nationals signed free agent LHP Foster Griffin.,0.0
596133,Luke Weaver,,NYM,Signed as Free Agent,New York Mets signed free agent RHP Luke Weaver.,0.6333333333333333
823550,Sung-Mun Song,,SD,Signed as Free Agent,San Diego Padres signed free agent 3B Sung-Mun Song.,0.0
608701,Rob Refsnyder,,SEA,Signed as Free Agent,Seattle Mariners signed free agent RF Rob Refsnyder.,0.9333333333333332
820832,Blake Aita,BOS,STL,trade,"Boston Red Sox traded RHP Hunter Dobbins, RHP Yhoiker Fajardo and RHP Blake Aita to St. Louis Cardinals for 1B Willson Contreras.",0.0
690928,Hunter Dobbins,BOS,STL,trade,"Boston Red Sox traded RHP Hunter Dobbins, RHP Yhoiker Fajardo and RHP Blake Aita to St. Louis Cardinals for 1B Willson Contreras.",0.0
575929,Willson Contreras,STL,BOS,trade,"Boston Red Sox traded RHP Hunter Dobbins, RHP Yhoiker Fajardo and RHP Blake Aita to St. Louis Cardinals for 1B Willson Contreras.",2.766666666666667
823369,Yhoiker Fajardo,BOS,STL,trade,"Boston Red Sox traded RHP Hunter Dobbins, RHP Yhoiker Fajardo and RHP Blake Aita to St. Louis Cardinals for 1B Willson Contreras.",0.0
830007,Yordan Rodriguez,ATH,NYM,trade,New York Mets traded 2B Jeff McNeil and cash to Athletics for RHP Yordan Rodriguez.,0.0
643446,Jeff McNeil,NYM,ATH,trade,New York Mets traded 2B Jeff McNeil and cash to Athletics for RHP Yordan Rodriguez.,1.9333333333333333
657097,Jacob Webb,,CHC,Signed as Free Agent,Chicago Cubs signed free agent RHP Jacob Webb.,0.3333333333333333
656794,Sean Newcomb,,CWS,Signed as Free Agent,Chicago White Sox signed free agent LHP Sean Newcomb.,0.6333333333333333
668709,JJ Bleday,,CIN,Signed as Free Agent,Cincinnati Reds signed free agent CF JJ Bleday.,1.1666666666666667
807751,Ethan O'Donnell,CIN,MIA,trade,Cincinnati Reds traded CF Ethan O'Donnell to Miami Marlins for CF Dane Myers.,0.0
667472,Dane Myers,MIA,CIN,trade,Cincinnati Reds traded CF Ethan O'Donnell to Miami Marlins for CF Dane Myers.,0.19999999999999998
664126,Pete Fairbanks,,MIA,Signed as Free Agent,Miami Marlins signed free agent RHP Pete Fairbanks.,0.9666666666666667
621107,Zach Eflin,,BAL,Signed as Free Agent,Baltimore Orioles signed free agent RHP Zach Eflin.,2.566666666666667
642708,Amed Rosario,,NYY,Signed as Free Agent,New York Yankees signed free agent 3B Amed Rosario.,0.3333333333333333
830809,Adriano Marrero,MIA,LAD,trade,Los Angeles Dodgers traded LF Esteury Ruiz to Miami Marlins for RHP Adriano Marrero.,0.0
665923,Esteury Ruiz,LAD,MIA,trade,Los Angeles Dodgers traded LF Esteury Ruiz to Miami Marlins for RHP Adriano Marrero.,0.3333333333333333
640451,Hunter Harvey,,CHC,Signed as Free Agent,Chicago Cubs signed free agent RHP Hunter Harvey.,0.8333333333333334
837227,Tatsuya Imai,,HOU,Signed as Free Agent,Houston Astros signed free agent RHP Tatsuya Imai.,0.0
688540,Kade Bragg,MIN,MIA,trade,Miami Marlins traded 1B Eric Wagaman to Minnesota Twins for LHP Kade Bragg.,0.0
676572,Eric Wagaman,MIA,MIN,trade,Miami Marlins traded 1B Eric Wagaman to Minnesota Twins for LHP Kade Bragg.,0.0
672960,Kazuma Okamoto,,TOR,Signed as Free Agent,Toronto Blue Jays signed free agent 3B Kazuma Okamoto.,0.0
641816,Tyler Mahle,,SF,Signed as Free Agent,San Francisco Giants signed free agent RHP Tyler Mahle.,0.8333333333333334
678877,Jhonkensy Noel,,BAL,Claimed Off Waivers,Baltimore Orioles claimed RF Jhonkensy Noel off waivers from Cleveland Guardians.,0.0
686894,Joey Wiemer,,WSH,Claimed Off Waivers,Washington Nationals claimed LF Joey Wiemer off waivers from San Francisco Giants.,0.3666666666666667
489446,Kirby Yates,,LAA,Signed as Free Agent,Los Angeles Angels signed free agent RHP Kirby Yates.,0.6333333333333333
669234,Justyn-Henry Malloy,DET,TB,trade,Detroit Tigers traded RF Justyn-Henry Malloy to Tampa Bay Rays for cash.,0.0
677865,Justin Bruihl,CLE,STL,trade,Cleveland Guardians traded LHP Justin Bruihl to St. Louis Cardinals for cash.,0.03333333333333333
821279,Edgardo De Leon,CHC,MIA,trade,"Miami Marlins traded RHP Edward Cabrera to Chicago Cubs for RF Owen Caissie, SS Cristian Hernandez and IF Edgardo De Leon.",0.0
665795,Edward Cabrera,MIA,CHC,trade,"Miami Marlins traded RHP Edward Cabrera to Chicago Cubs for RF Owen Caissie, SS Cristian Hernandez and IF Edgardo De Leon.",1.2333333333333334
683357,Owen Caissie,CHC,MIA,trade,"Miami Marlins traded RHP Edward Cabrera to Chicago Cubs for RF Owen Caissie, SS Cristian Hernandez and IF Edgardo De Leon.",0.0
694183,Cristian Hernandez,CHC,MIA,trade,"Miami Marlins traded RHP Edward Cabrera to Chicago Cubs for RF Owen Caissie, SS Cristian Hernandez and IF Edgardo De Leon.",0.0
624522,Keegan Thompson,,COL,Claimed Off Waivers,Colorado Rockies claimed RHP Keegan Thompson off waivers from Cincinnati Reds.,0.15000000000000002
682617,Marco Luciano,,BAL,Claimed Off Waivers,Baltimore Orioles claimed OF Marco Luciano off waivers from Pittsburgh Pirates.,-0.3
669020,Ryan Rolison,,CHC,Claimed Off Waivers,Chicago Cubs claimed LHP Ryan Rolison off waivers from Chicago White Sox.,0.0
685133,Wade Meckler,,LAA,Claimed Off Waivers,Los Angeles Angels claimed OF Wade Meckler off waivers from San Francisco Giants.,-0.2
691907,Tsung-Che Cheng,,TB,Claimed Off Waivers,Tampa Bay Rays claimed SS Tsung-Che Cheng off waivers from Pittsburgh Pirates.,0.0
656811,Ryan O'Hearn,,PIT,Signed as Free Agent,Pittsburgh Pirates signed free agent 1B Ryan O'Hearn.,2.033333333333333
686610,Ken Waldichuk,,ATL,Claimed Off Waivers,Atlanta Braves claimed LHP Ken Waldichuk off waivers from Athletics.,0.0
691011,Drew Romo,,CWS,Claimed Off Waivers,Chicago White Sox claimed C Drew Romo off waivers from New York Mets.,0.0
666659,Sauryn Lao,WSH,,Released,Washington Nationals released RHP Sauryn Lao.,0.0
687849,Zak Kent,,TEX,Claimed Off Waivers,Texas Rangers claimed RHP Zak Kent off waivers from St. Louis Cardinals.,0.0
672391,Kaleb Ort,,NYY,Claimed Off Waivers,New York Yankees claimed RHP Kaleb Ort off waivers from Houston Astros.,0.0
687606,Paxton Schultz,,WSH,Claimed Off Waivers,Washington Nationals claimed RHP Paxton Schultz off waivers from Toronto Blue Jays.,0.0
666277,George Soriano,,ATL,Claimed Off Waivers,Atlanta Braves claimed RHP George Soriano off waivers from Baltimore Orioles.,0.06666666666666667
680837,Ryan Fitzgerald,,LAD,Claimed Off Waivers,Los Angeles Dodgers claimed 3B Ryan Fitzgerald off waivers from Minnesota Twins.,0.0
664983,Jake McCarthy,AZ,COL,trade,Arizona Diamondbacks traded CF Jake McCarthy to Colorado Rockies for RHP Josh Grosz.,1.0
701056,Josh Grosz,COL,AZ,trade,Arizona Diamondbacks traded CF Jake McCarthy to Colorado Rockies for RHP Josh Grosz.,0.0
686610,Ken Waldichuk,ATL,TB,trade,Atlanta Braves traded LHP Ken Waldichuk and 2B Brett Wisely to Tampa Bay Rays for cash.,0.0
689172,Brett Wisely,ATL,TB,trade,Atlanta Braves traded LHP Ken Waldichuk and 2B Brett Wisely to Tampa Bay Rays for cash.,0.13333333333333333
628451,Andy Ibáñez,,LAD,Signed as Free Agent,Los Angeles Dodgers signed free agent 3B Andy Ibáñez.,0.9
592773,Ryne Stanek,,STL,Signed as Free Agent,St. Louis Cardinals signed free agent RHP Ryne Stanek.,0.06666666666666667
677960,Ryan Weathers,MIA,NYY,trade,"Miami Marlins traded LHP Ryan Weathers to New York Yankees for CF Brendan Jones, OF Dillon Lewis, 1B Dylan Jasso and SS Juan Matheus.",0.43333333333333335
815734,Dylan Jasso,NYY,MIA,trade,"Miami Marlins traded LHP Ryan Weathers to New York Yankees for CF Brendan Jones, OF Dillon Lewis, 1B Dylan Jasso and SS Juan Matheus.",0.0
800957,Brendan Jones,NYY,MIA,trade,"Miami Marlins traded LHP Ryan Weathers to New York Yankees for CF Brendan Jones, OF Dillon Lewis, 1B Dylan Jasso and SS Juan Matheus.",0.0
801276,Juan Matheus,NYY,MIA,trade,"Miami Marlins traded LHP Ryan Weathers to New York Yankees for CF Brendan Jones, OF Dillon Lewis, 1B Dylan Jasso and SS Juan Matheus.",0.0
827665,Dillon Lewis,NYY,MIA,trade,"Miami Marlins traded LHP Ryan Weathers to New York Yankees for CF Brendan Jones, OF Dillon Lewis, 1B Dylan Jasso and SS Juan Matheus.",0.0
571448,Nolan Arenado,STL,AZ,trade,St. Louis Cardinals traded 3B Nolan Arenado and cash to Arizona Diamondbacks for RHP Jack Martinez.,2.266666666666667
822956,Jack Martinez,AZ,STL,trade,St. Louis Cardinals traded 3B Nolan Arenado and cash to Arizona Diamondbacks for RHP Jack Martinez.,0.0
681909,Justin Dean,,CHC,Claimed Off Waivers,Chicago Cubs claimed CF Justin Dean off waivers from San Francisco Giants.,0.0
821244,Francisco Loreto,PHI,PIT,trade,Pittsburgh Pirates traded RHP Chase Shugart to Philadelphia Phillies for IF Francisco Loreto.,0.0
663767,Chase Shugart,PIT,PHI,trade,Pittsburgh Pirates traded RHP Chase Shugart to Philadelphia Phillies for IF Francisco Loreto.,0.0
608324,Alex Bregman,,CHC,Signed as Free Agent,Chicago Cubs signed free agent 3B Alex Bregman.,4.033333333333334
660644,Vidal Bruján,,MIN,Claimed Off Waivers,Minnesota Twins claimed 3B Vidal Bruján off waivers from Atlanta Braves.,-0.26666666666666666
547179,Michael Lorenzen,,COL,Signed as Free Agent,Colorado Rockies signed free agent RHP Michael Lorenzen.,1.2
837780,Helvin Mendoza,,LAD,Signed as Free Agent,Los Angeles Dodgers signed free agent OF Helvin Mendoza.,0.0
621112,Paul Blackburn,,NYY,Signed as Free Agent,New York Yankees signed free agent RHP Paul Blackburn.,0.7333333333333334
572955,Pierce Johnson,,CIN,Signed as Free Agent,Cincinnati Reds signed free agent RHP Pierce Johnson.,0.5
664199,Taylor Clarke,,AZ,Signed as Free Agent,Arizona Diamondbacks signed free agent RHP Taylor Clarke.,0.15
691172,Yosver Zulueta,CIN,SEA,trade,Cincinnati Reds traded RHP Yosver Zulueta to Seattle Mariners for RHP Dusty Revis.,0.0
834961,Dusty Revis,SEA,CIN,trade,Cincinnati Reds traded RHP Yosver Zulueta to Seattle Mariners for RHP Dusty Revis.,0.0
660761,José Suarez,,BAL,Claimed Off Waivers,Baltimore Orioles claimed LHP José Suarez off waivers from Atlanta Braves.,0.10000000000000002
701496,Ben Cowles,,CHC,Claimed Off Waivers,Chicago Cubs claimed 3B Ben Cowles off waivers from Chicago White Sox.,0.0
800338,Franklin Gomez,NYM,CLE,trade,New York Mets traded LHP Franklin Gomez to Cleveland Guardians for Future Considerations. International Bonus Pool Money.,0.0
691907,Tsung-Che Cheng,,NYM,Claimed Off Waivers,New York Mets claimed SS Tsung-Che Cheng off waivers from Tampa Bay Rays.,0.0
666139,Josh Lowe,TB,LAA,trade,Tampa Bay Rays traded RF Josh Lowe to Los Angeles Angels for RHP Chris Clark and LF Gavin Lux.,1.4333333333333333
805363,Chris Clark,LAA,TB,trade,Tampa Bay Rays traded RF Josh Lowe to Los Angeles Angels for RHP Chris Clark and LF Gavin Lux.,0.0
674370,Osvaldo Bido,,MIA,Claimed Off Waivers,Miami Marlins claimed RHP Osvaldo Bido off waivers from Tampa Bay Rays.,0.6999999999999998
666158,Gavin Lux,CIN,TB,trade,Tampa Bay Rays traded RF Josh Lowe to Los Angeles Angels for RHP Chris Clark and LF Gavin Lux.,0.85
656271,Brock Burke,LAA,CIN,trade,Tampa Bay Rays traded RF Josh Lowe to Los Angeles Angels for RHP Chris Clark and LF Gavin Lux.,0.2333333333333333
596001,Jakob Junis,,TEX,Signed as Free Agent,Texas Rangers signed free agent RHP Jakob Junis.,0.7333333333333334
622761,Jorge Mateo,,ATL,Signed as Free Agent,Atlanta Braves signed free agent SS Jorge Mateo.,0.43333333333333335
592663,J.T. Realmuto,,PHI,Signed as Free Agent,Philadelphia Phillies signed free agent C J.T. Realmuto.,2.033333333333333
666182,Bo Bichette,,NYM,Signed as Free Agent,New York Mets signed free agent SS Bo Bichette.,2.6666666666666665
687134,Bradley Blalock,COL,MIA,trade,Colorado Rockies traded RHP Bradley Blalock to Miami Marlins for RHP Jake Brooks.,0.0
673357,Luis Robert Jr.,CWS,NYM,trade,Chicago White Sox traded CF Luis Robert Jr. to New York Mets for 2B Luisangel Acuña and RHP Truman Pauley.,2.266666666666667
681508,Mickey Gasper,,WSH,Claimed Off Waivers,Washington Nationals claimed 2B Mickey Gasper off waivers from Minnesota Twins.,0.0
831912,Truman Pauley,NYM,CWS,trade,Chicago White Sox traded CF Luis Robert Jr. to New York Mets for 2B Luisangel Acuña and RHP Truman Pauley.,0.0
682668,Luisangel Acuña,NYM,CWS,trade,Chicago White Sox traded CF Luis Robert Jr. to New York Mets for 2B Luisangel Acuña and RHP Truman Pauley.,0.0
694860,Jake Brooks,MIA,COL,trade,Colorado Rockies traded RHP Bradley Blalock to Miami Marlins for RHP Jake Brooks.,0.0
472610,Luis García,,NYM,Signed as Free Agent,New York Mets signed free agent RHP Luis García.,0.36666666666666664
663656,Kyle Tucker,,LAD,Signed as Free Agent,Los Angeles Dodgers signed free agent RF Kyle Tucker.,4.533333333333334
624133,Ranger Suárez,,BOS,Signed as Free Agent,Boston Red Sox signed free agent LHP Ranger Suárez.,3.266666666666667
702518,Jett Williams,NYM,MIL,trade,Milwaukee Brewers traded RHP Freddy Peralta and RHP Tobias Myers to New York Mets for RHP Brandon Sproat and SS Jett Williams.,0.0
642547,Freddy Peralta,MIL,NYM,trade,Milwaukee Brewers traded RHP Freddy Peralta and RHP Tobias Myers to New York Mets for RHP Brandon Sproat and SS Jett Williams.,2.966666666666667
668964,Tobias Myers,MIL,NYM,trade,Milwaukee Brewers traded RHP Freddy Peralta and RHP Tobias Myers to New York Mets for RHP Brandon Sproat and SS Jett Williams.,0.0
687075,Brandon Sproat,NYM,MIL,trade,Milwaukee Brewers traded RHP Freddy Peralta and RHP Tobias Myers to New York Mets for RHP Brandon Sproat and SS Jett Williams.,0.0
656484,Tristan Gray,BOS,MIN,trade,Minnesota Twins traded C Nate Baez to Boston Red Sox for 3B Tristan Gray.,0.03333333333333333
686960,Nate Baez,MIN,BOS,trade,Minnesota Twins traded C Nate Baez to Boston Red Sox for 3B Tristan Gray.,0.0
650489,Willi Castro,,COL,Signed as Free Agent,Colorado Rockies signed free agent LF Willi Castro.,2.0
682617,Marco Luciano,,NYY,Claimed Off Waivers,New York Yankees claimed OF Marco Luciano off waivers from Baltimore Orioles.,-0.3
669022,MacKenzie Gore,WSH,TEX,trade,"Washington Nationals traded LHP MacKenzie Gore to Texas Rangers for 3B Gavin Fien, 1B Abimelec Ortiz, SS Devin Fitz-Gerald, RHP Alejandro Rosario and CF Yeremy Cabrera.",2.433333333333333
815818,Gavin Fien,TEX,WSH,trade,"Washington Nationals traded LHP MacKenzie Gore to Texas Rangers for 3B Gavin Fien, 1B Abimelec Ortiz, SS Devin Fitz-Gerald, RHP Alejandro Rosario and CF Yeremy Cabrera.",0.0
694673,Abimelec Ortiz,TEX,WSH,trade,"Washington Nationals traded LHP MacKenzie Gore to Texas Rangers for 3B Gavin Fien, 1B Abimelec Ortiz, SS Devin Fitz-Gerald, RHP Alejandro Rosario and CF Yeremy Cabrera.",0.0
803849,Devin Fitz-Gerald,TEX,WSH,trade,"Washington Nationals traded LHP MacKenzie Gore to Texas Rangers for 3B Gavin Fien, 1B Abimelec Ortiz, SS Devin Fitz-Gerald, RHP Alejandro Rosario and CF Yeremy Cabrera.",0.0
829931,Carlos Martinez,SF,MIA,trade,San Francisco Giants traded C Carlos Martinez to Miami Marlins for cash.,0.0
642215,Weston Wilson,,BAL,Claimed Off Waivers,Baltimore Orioles claimed LF Weston Wilson off waivers from Philadelphia Phillies.,0.13333333333333333
681402,Gus Varland,,WSH,Claimed Off Waivers,Washington Nationals claimed RHP Gus Varland off waivers from Arizona Diamondbacks.,0.2
800393,Yeremy Cabrera,TEX,WSH,trade,"Washington Nationals traded LHP MacKenzie Gore to Texas Rangers for 3B Gavin Fien, 1B Abimelec Ortiz, SS Devin Fitz-Gerald, RHP Alejandro Rosario and CF Yeremy Cabrera.",0.0
660644,Vidal Bruján,MIN,NYM,trade,Minnesota Twins traded 3B Vidal Bruján to New York Mets for cash.,-0.26666666666666666
691730,Alejandro Rosario,TEX,WSH,trade,"Washington Nationals traded LHP MacKenzie Gore to Texas Rangers for 3B Gavin Fien, 1B Abimelec Ortiz, SS Devin Fitz-Gerald, RHP Alejandro Rosario and CF Yeremy Cabrera.",0.0
605170,Victor Caratini,,MIN,Signed as Free Agent,Minnesota Twins signed free agent C Victor Caratini.,1.3
573124,Taylor Rogers,,MIN,Signed as Free Agent,Minnesota Twins signed free agent LHP Taylor Rogers.,0.2333333333333333
672279,Michael Siani,,NYY,Claimed Off Waivers,New York Yankees claimed CF Michael Siani off waivers from Los Angeles Dodgers.,0.30000000000000004
681867,Cooper Criswell,NYM,SEA,trade,New York Mets traded RHP Cooper Criswell to Seattle Mariners for cash.,0.3666666666666667
641355,Cody Bellinger,,NYY,Signed as Free Agent,New York Yankees signed free agent LF Cody Bellinger.,3.8000000000000003
660761,José Suarez,,ATL,Claimed Off Waivers,Atlanta Braves claimed LHP José Suarez off waivers from Baltimore Orioles.,0.10000000000000002
674370,Osvaldo Bido,,LAA,Claimed Off Waivers,Los Angeles Angels claimed RHP Osvaldo Bido off waivers from Miami Marlins.,0.6999999999999998
640902,Jhonny Pereda,MIN,SEA,trade,Minnesota Twins traded C Jhonny Pereda to Seattle Mariners for cash.,0.0
687589,Dom Hamel,,NYY,Claimed Off Waivers,New York Yankees claimed RHP Dom Hamel off waivers from Texas Rangers.,0.0
691907,Tsung-Che Cheng,,WSH,Claimed Off Waivers,Washington Nationals claimed SS Tsung-Che Cheng off waivers from New York Mets.,0.0
672391,Kaleb Ort,,LAA,Claimed Off Waivers,Los Angeles Angels claimed RHP Kaleb Ort off waivers from New York Yankees.,0.0
700978,Jace Kaminska,COL,MIN,trade,Minnesota Twins traded 2B Edouard Julien and RHP Pierson Ohl to Colorado Rockies for RHP Jace Kaminska and cash.,0.0
666397,Edouard Julien,MIN,COL,trade,Minnesota Twins traded 2B Edouard Julien and RHP Pierson Ohl to Colorado Rockies for RHP Jace Kaminska and cash.,0.6333333333333334
701487,Pierson Ohl,MIN,COL,trade,Minnesota Twins traded 2B Edouard Julien and RHP Pierson Ohl to Colorado Rockies for RHP Jace Kaminska and cash.,0.0
683409,Angel Chivilli,COL,NYY,trade,Colorado Rockies traded RHP Angel Chivilli to New York Yankees for 1B T.J. Rumfield.,0.0
681198,T.J. Rumfield,NYY,COL,trade,Colorado Rockies traded RHP Angel Chivilli to New York Yankees for 1B T.J. Rumfield.,0.0
622554,Seranthony Domínguez,,CWS,Signed as Free Agent,Chicago White Sox signed free agent RHP Seranthony Domínguez.,0.3333333333333333
682144,Jayvien Sandridge,NYY,LAA,trade,New York Yankees traded LHP Jayvien Sandridge to Los Angeles Angels for cash.,0.0
663992,Richard Lovelady,,WSH,Claimed Off Waivers,Washington Nationals claimed LHP Richard Lovelady off waivers from New York Mets.,0.03333333333333333
664056,Harrison Bader,,SF,Signed as Free Agent,San Francisco Giants signed free agent LF Harrison Bader.,1.7666666666666666
666277,George Soriano,,WSH,Claimed Off Waivers,Washington Nationals claimed RHP George Soriano off waivers from Atlanta Braves.,0.06666666666666667
678906,Kai-Wei Teng,SF,HOU,trade,San Francisco Giants traded RHP Kai-Wei Teng to Houston Astros for C Jancel Villarroel and Future Considerations.,0.15
806611,Jancel Villarroel,HOU,SF,trade,San Francisco Giants traded RHP Kai-Wei Teng to Houston Astros for C Jancel Villarroel and Future Considerations.,0.0
663855,Jordan Hicks,BOS,CWS,trade,"Boston Red Sox traded RHP David Sandlin, RHP Jordan Hicks, Player To Be Named Later, Player To Be Named Later and cash to Chicago White Sox for RHP Gage Ziehl and Player To Be Named Later.",0.6333333333333334
689818,David Sandlin,BOS,CWS,trade,"Boston Red Sox traded RHP David Sandlin, RHP Jordan Hicks, Player To Be Named Later, Player To Be Named Later and cash to Chicago White Sox for RHP Gage Ziehl and Player To Be Named Later.",0.0
695721,Gage Ziehl,CWS,BOS,trade,"Boston Red Sox traded RHP David Sandlin, RHP Jordan Hicks, Player To Be Named Later, Player To Be Named Later and cash to Chicago White Sox for RHP Gage Ziehl and Player To Be Named Later.",0.0
682868,Bryan Ramos,CWS,BAL,trade,Chicago White Sox traded 3B Bryan Ramos to Baltimore Orioles for cash.,0.0
660162,Yoán Moncada,,LAA,Signed as Free Agent,Los Angeles Angels signed free agent 3B Yoán Moncada.,0.7333333333333333
806191,Tai Peete,SEA,STL,trade,"St. Louis Cardinals traded 2B Brendan Donovan to Seattle Mariners for CF Colton Ledbetter, SHP Jurrangelo Cijntje, OF Tai Peete, Draft Pick and Draft Pick.",0.0
810938,Ben Williamson,SEA,TB,trade,"St. Louis Cardinals traded 2B Brendan Donovan to Seattle Mariners for CF Colton Ledbetter, SHP Jurrangelo Cijntje, OF Tai Peete, Draft Pick and Draft Pick.",0.0
807742,Colton Ledbetter,TB,STL,trade,"St. Louis Cardinals traded 2B Brendan Donovan to Seattle Mariners for CF Colton Ledbetter, SHP Jurrangelo Cijntje, OF Tai Peete, Draft Pick and Draft Pick.",0.0
680977,Brendan Donovan,STL,SEA,trade,"St. Louis Cardinals traded 2B Brendan Donovan to Seattle Mariners for CF Colton Ledbetter, SHP Jurrangelo Cijntje, OF Tai Peete, Draft Pick and Draft Pick.",2.533333333333333
701388,Jurrangelo Cijntje,SEA,STL,trade,"St. Louis Cardinals traded 2B Brendan Donovan to Seattle Mariners for CF Colton Ledbetter, SHP Jurrangelo Cijntje, OF Tai Peete, Draft Pick and Draft Pick.",0.0
553993,Eugenio Suárez,,CIN,Signed as Free Agent,Cincinnati Reds signed free agent 3B Eugenio Suárez.,3.6999999999999997
672279,Michael Siani,,LAD,Claimed Off Waivers,Los Angeles Dodgers claimed CF Michael Siani off waivers from New York Yankees.,0.30000000000000004
663804,Jackson Kowar,,MIN,Claimed Off Waivers,Minnesota Twins claimed RHP Jackson Kowar off waivers from Seattle Mariners.,0.0
670183,Garrett Acton,,MIA,Claimed Off Waivers,Miami Marlins claimed RHP Garrett Acton off waivers from Colorado Rockies.,0.0
669720,Austin Hays,,CWS,Signed as Free Agent,Chicago White Sox signed free agent LF Austin Hays.,1.366666666666667
681508,Mickey Gasper,,BOS,Claimed Off Waivers,Boston Red Sox claimed 2B Mickey Gasper off waivers from Washington Nationals.,0.0
692585,Yanquiel Fernández,,NYY,Claimed Off Waivers,New York Yankees claimed RF Yanquiel Fernández off waivers from Colorado Rockies.,0.0
800286,Wellington Aracena,BAL,AZ,trade,"Arizona Diamondbacks traded SS Blaze Alexander to Baltimore Orioles for RHP Kade Strowd, RHP Wellington Aracena and 2B José Mejía.",0.0
677942,Blaze Alexander,AZ,BAL,trade,"Arizona Diamondbacks traded SS Blaze Alexander to Baltimore Orioles for RHP Kade Strowd, RHP Wellington Aracena and 2B José Mejía.",0.45
674370,Osvaldo Bido,,NYY,Claimed Off Waivers,New York Yankees claimed RHP Osvaldo Bido off waivers from Los Angeles Angels.,0.6999999999999998
808090,José Mejía,BAL,AZ,trade,"Arizona Diamondbacks traded SS Blaze Alexander to Baltimore Orioles for RHP Kade Strowd, RHP Wellington Aracena and 2B José Mejía.",0.0
669704,Kade Strowd,BAL,AZ,trade,"Arizona Diamondbacks traded SS Blaze Alexander to Baltimore Orioles for RHP Kade Strowd, RHP Wellington Aracena and 2B José Mejía.",0.0
686610,Ken Waldichuk,,WSH,Claimed Off Waivers,Washington Nationals claimed LHP Ken Waldichuk off waivers from Tampa Bay Rays.,0.0
689520,Cody Laweryson,LAA,,Released,Los Angeles Angels released RHP Cody Laweryson.,0.0
608718,Brent Suter,,LAA,Signed as Free Agent,Los Angeles Angels signed free agent LHP Brent Suter.,0.5333333333333333
691907,Tsung-Che Cheng,,BOS,Claimed Off Waivers,Boston Red Sox claimed SS Tsung-Che Cheng off waivers from Washington Nationals.,0.0
628451,Andy Ibáñez,,ATH,Claimed Off Waivers,Athletics claimed 3B Andy Ibáñez off waivers from Los Angeles Dodgers.,0.9
683748,Victor Mesa Jr.,MIA,TB,trade,Miami Marlins traded CF Victor Mesa Jr. to Tampa Bay Rays for IF Angel Brachi.,0.0
821791,Angel Brachi,TB,MIA,trade,Miami Marlins traded CF Victor Mesa Jr. to Tampa Bay Rays for IF Angel Brachi.,0.0
666163,Ben Rortvedt,,LAD,Claimed Off Waivers,Los Angeles Dodgers claimed C Ben Rortvedt off waivers from Cincinnati Reds.,0.3
682868,Bryan Ramos,,STL,Claimed Off Waivers,St. Louis Cardinals claimed 3B Bryan Ramos off waivers from Baltimore Orioles.,0.0
675660,Shane Drohan,BOS,MIL,trade,"Boston Red Sox traded LHP Kyle Harrison, LHP Shane Drohan and 2B David Hamilton to Milwaukee Brewers for 3B Caleb Durbin, SS Andruw Monasterio, 2B Anthony Seigler and Future Considerations.",0.0
702332,Caleb Durbin,MIL,BOS,trade,"Boston Red Sox traded LHP Kyle Harrison, LHP Shane Drohan and 2B David Hamilton to Milwaukee Brewers for 3B Caleb Durbin, SS Andruw Monasterio, 2B Anthony Seigler and Future Considerations.",0.0
666152,David Hamilton,BOS,MIL,trade,"Boston Red Sox traded LHP Kyle Harrison, LHP Shane Drohan and 2B David Hamilton to Milwaukee Brewers for 3B Caleb Durbin, SS Andruw Monasterio, 2B Anthony Seigler and Future Considerations.",0.5
678011,Anthony Seigler,MIL,BOS,trade,"Boston Red Sox traded LHP Kyle Harrison, LHP Shane Drohan and 2B David Hamilton to Milwaukee Brewers for 3B Caleb Durbin, SS Andruw Monasterio, 2B Anthony Seigler and Future Considerations.",0.0
655316,Andruw Monasterio,MIL,BOS,trade,"Boston Red Sox traded LHP Kyle Harrison, LHP Shane Drohan and 2B David Hamilton to Milwaukee Brewers for 3B Caleb Durbin, SS Andruw Monasterio, 2B Anthony Seigler and Future Considerations.",0.36666666666666664
690986,Kyle Harrison,BOS,MIL,trade,"Boston Red Sox traded LHP Kyle Harrison, LHP Shane Drohan and 2B David Hamilton to Milwaukee Brewers for 3B Caleb Durbin, SS Andruw Monasterio, 2B Anthony Seigler and Future Considerations.",0.43333333333333335
680474,Max Schuemann,ATH,NYY,trade,Athletics traded 3B Max Schuemann to New York Yankees for RHP Luis Burgos.,0.0
827469,Luis Burgos,NYY,ATH,trade,Athletics traded 3B Max Schuemann to New York Yankees for RHP Luis Burgos.,0.0
